n,t,observable,mean,std,median,q25,q75,n_realizations
6,0,autocorrelation,1,4.448733304e-15,1,1,1,30
6,2,autocorrelation,0.4328131619,0.1326312155,0.426258629,0.3441011783,0.4832359674,30
6,4,autocorrelation,0.3248642616,0.1129671611,0.2927274483,0.2606171821,0.3628059847,30
6,6,autocorrelation,0.3155726851,0.09928905668,0.2952423864,0.2518535433,0.3318266319,30
6,8,autocorrelation,0.3166158572,0.09379172672,0.2871090668,0.265368499,0.3427166202,30
6,10,autocorrelation,0.3267448602,0.0856966685,0.3036457112,0.2717819306,0.3492963369,30
6,12,autocorrelation,0.3288589348,0.08867560436,0.3152494684,0.2709347807,0.3693466652,30
6,14,autocorrelation,0.3391419943,0.08152744223,0.3272999959,0.2847644785,0.3565311744,30
6,16,autocorrelation,0.3416855681,0.07827931549,0.3210406358,0.2928310306,0.358947233,30
6,18,autocorrelation,0.36072517,0.07923961833,0.354900954,0.315385245,0.3796959109,30
6,20,autocorrelation,0.3537158394,0.07962712008,0.3466275322,0.3122449049,0.3837205099,30
6,22,autocorrelation,0.3684855848,0.08020612457,0.361461778,0.3201343838,0.3973346297,30
6,24,autocorrelation,0.369588851,0.09535824297,0.3291198556,0.3000376319,0.4279327493,30
6,26,autocorrelation,0.3643190374,0.09678298204,0.3420769263,0.3040631125,0.3979510361,30
6,28,autocorrelation,0.3572426483,0.0992494814,0.3257043595,0.2962146787,0.38208874,30
6,30,autocorrelation,0.3620539788,0.09560251202,0.3398382949,0.3100544745,0.3806923347,30
6,32,autocorrelation,0.3602559054,0.08473642488,0.3336174945,0.3161583372,0.3816823078,30
6,34,autocorrelation,0.3660654607,0.08690024108,0.366576027,0.3129662011,0.3994838343,30
6,36,autocorrelation,0.3616270743,0.08282361937,0.3505168845,0.3020682083,0.3934399564,30
6,38,autocorrelation,0.3641227341,0.09329357303,0.3523041634,0.2993960192,0.4053457415,30
6,40,autocorrelation,0.3577273266,0.09134903529,0.3411660826,0.300500295,0.3878565962,30
6,42,autocorrelation,0.3593332822,0.08668375767,0.3319256322,0.3067103144,0.3897164838,30
6,44,autocorrelation,0.3701764693,0.08594438202,0.354043527,0.3066909374,0.4101703646,30
6,46,autocorrelation,0.3684999138,0.09472201265,0.3668826625,0.3076877552,0.4004181133,30
6,48,autocorrelation,0.3634568065,0.09806140688,0.3368482034,0.298302838,0.3930167493,30
6,50,autocorrelation,0.350463217,0.09596285207,0.3197331907,0.2958012287,0.3629289082,30
6,52,autocorrelation,0.3490624384,0.09077904735,0.330149217,0.3001909351,0.3571606509,30
6,54,autocorrelation,0.3494585362,0.09181085753,0.3386641852,0.3027707062,0.3550942378,30
6,56,autocorrelation,0.356810107,0.09352164217,0.3234494933,0.3005715891,0.4137739182,30
6,58,autocorrelation,0.3649483464,0.09191125595,0.3384491525,0.2988684412,0.4144059226,30
6,60,autocorrelation,0.365638207,0.09517899905,0.3522310247,0.2927183977,0.4097532049,30
6,62,autocorrelation,0.377903994,0.08970381649,0.370918284,0.334637453,0.4179770201,30
6,64,autocorrelation,0.3700781695,0.09728611286,0.354931624,0.3206687985,0.4008044583,30
6,66,autocorrelation,0.3472884557,0.08202695706,0.3268105769,0.2987161626,0.3563709192,30
6,68,autocorrelation,0.3603158173,0.07908341419,0.3444588623,0.3111746978,0.3919167857,30
6,70,autocorrelation,0.3557523889,0.08285880954,0.333386276,0.3049695864,0.3903111705,30
6,72,autocorrelation,0.3576685026,0.09160490479,0.3391353649,0.2912590934,0.4011124886,30
6,74,autocorrelation,0.361085071,0.09474288565,0.3494638679,0.2952707957,0.380297302,30
6,76,autocorrelation,0.3536844956,0.08816626667,0.3353057006,0.2911207093,0.395792328,30
6,78,autocorrelation,0.3540283487,0.08140053955,0.3255700907,0.3074872175,0.3764905205,30
6,80,autocorrelation,0.3562263115,0.07979163391,0.3383728952,0.2987406832,0.3854579351,30
6,82,autocorrelation,0.3608582393,0.0814984361,0.3473886725,0.2989150894,0.3919379328,30
6,84,autocorrelation,0.3802513958,0.08359055416,0.3539231283,0.3191219433,0.4099074135,30
6,86,autocorrelation,0.3655683255,0.08760262213,0.3558280733,0.3064543324,0.3960530417,30
6,88,autocorrelation,0.3594621855,0.08829415329,0.3433532506,0.3138150533,0.3929330244,30
6,90,autocorrelation,0.3614318821,0.08878871644,0.3449781911,0.3099959398,0.3862529894,30
6,92,autocorrelation,0.3589975337,0.08654033902,0.3512128807,0.3077211922,0.3855893882,30
6,94,autocorrelation,0.3497691139,0.08894470991,0.3346295086,0.2894889485,0.3977341621,30
6,96,autocorrelation,0.3555481338,0.08774334136,0.3355051678,0.292619927,0.3932305194,30
6,98,autocorrelation,0.3617140754,0.09137131588,0.3483611908,0.3102935724,0.399931081,30
6,100,autocorrelation,0.3619058867,0.08734877998,0.3414445484,0.3051197689,0.3900480866,30
6,102,autocorrelation,0.3626072372,0.08741523464,0.3531615652,0.311846668,0.3839289677,30
6,104,autocorrelation,0.3629980014,0.07997486608,0.3443145286,0.3118788535,0.3795755737,30
6,106,autocorrelation,0.3655010778,0.08159896605,0.358723096,0.3215161208,0.3913165093,30
6,108,autocorrelation,0.3561147949,0.09184219842,0.330372074,0.2956829167,0.3977027536,30
6,110,autocorrelation,0.3606211891,0.09056629279,0.3419959909,0.3144722559,0.3822002302,30
6,112,autocorrelation,0.3595450701,0.09690787689,0.3310999664,0.3005535226,0.3879452071,30
6,114,autocorrelation,0.3656749899,0.09292726016,0.3464039827,0.3126274446,0.3855588011,30
6,116,autocorrelation,0.3679811693,0.09798501627,0.3638289087,0.3006238015,0.3900150079,30
6,118,autocorrelation,0.3611004652,0.09990087556,0.3427549839,0.3032243395,0.3860284368,30
6,120,autocorrelation,0.3629378646,0.1015234108,0.3481870617,0.3057927607,0.3936602021,30
6,122,autocorrelation,0.3615207373,0.09521428636,0.3294899183,0.3060269511,0.3941712368,30
6,124,autocorrelation,0.3610974868,0.08898572304,0.3489568678,0.3044315101,0.3907660701,30
6,126,autocorrelation,0.3659523466,0.08585308601,0.3508553394,0.3150802633,0.4110005351,30
6,128,autocorrelation,0.3707602148,0.08585719211,0.3610904766,0.3174283588,0.4077222087,30
6,130,autocorrelation,0.3619904205,0.09300247702,0.3387411211,0.2926067242,0.4027813804,30
6,132,autocorrelation,0.3603102216,0.0817236985,0.3296607339,0.3122584404,0.3932544725,30
6,134,autocorrelation,0.3482195003,0.08801567294,0.319639212,0.2976227881,0.3736594101,30
6,136,autocorrelation,0.3529416558,0.09679582303,0.3452081231,0.2770118567,0.3847769707,30
6,138,autocorrelation,0.3575948528,0.08947049801,0.336024575,0.3063474436,0.4038032722,30
6,140,autocorrelation,0.3509236224,0.08094897571,0.3348212787,0.2954886988,0.3757345286,30
6,142,autocorrelation,0.367251062,0.0877193658,0.3545847596,0.3007083929,0.4127340379,30
6,144,autocorrelation,0.3638647781,0.1000824016,0.3331815188,0.3051306424,0.4005524782,30
6,146,autocorrelation,0.3655440212,0.09959251369,0.3348387244,0.306107364,0.3925419489,30
6,148,autocorrelation,0.3631500458,0.101078988,0.3384653751,0.311438103,0.4005310747,30
6,150,autocorrelation,0.358098342,0.09514499129,0.3501226384,0.2946255318,0.3787490146,30
6,152,autocorrelation,0.3624316154,0.08620886525,0.3426458237,0.3052930141,0.3841598785,30
6,154,autocorrelation,0.3716421266,0.08563917239,0.3604680761,0.316316422,0.3961271402,30
6,156,autocorrelation,0.3739804059,0.09649052198,0.3582841669,0.3123314568,0.4158388308,30
6,158,autocorrelation,0.3583677748,0.08695795982,0.3485345891,0.3069322156,0.3928121917,30
6,160,autocorrelation,0.3601841102,0.07507818587,0.3489841354,0.3089836862,0.3897947715,30
6,162,autocorrelation,0.3555042406,0.07711961257,0.3482906305,0.3085542468,0.370244906,30
6,164,autocorrelation,0.3536625893,0.07834929765,0.3403724979,0.3032798968,0.3846581031,30
6,166,autocorrelation,0.3617389077,0.09025778903,0.3399232352,0.3036795656,0.3931394433,30
6,168,autocorrelation,0.3542912506,0.09039977595,0.3358622091,0.2969637676,0.4048847845,30
6,170,autocorrelation,0.3740481427,0.1006929542,0.3395900469,0.298887309,0.4220183869,30
6,172,autocorrelation,0.3747481385,0.0963960468,0.3518537786,0.3167756849,0.4076489397,30
6,174,autocorrelation,0.3722273529,0.09941402298,0.3587790436,0.3024099875,0.4189867275,30
6,176,autocorrelation,0.3744202138,0.0954271733,0.3535119356,0.3190427021,0.4010006724,30
6,178,autocorrelation,0.3782363035,0.08845753923,0.3576933863,0.3126228349,0.4283210264,30
6,180,autocorrelation,0.3707114071,0.09349783898,0.3490520919,0.3142581218,0.3915118768,30
6,182,autocorrelation,0.3607244234,0.09731037976,0.3442666214,0.3068625414,0.4033723725,30
6,184,autocorrelation,0.3547401612,0.0968720176,0.3370228084,0.2992819423,0.3808397307,30
6,186,autocorrelation,0.3595698332,0.08817262727,0.3393977308,0.3079364396,0.3903900215,30
6,188,autocorrelation,0.3625633284,0.08681535557,0.3538888675,0.2925628752,0.4114482536,30
6,190,autocorrelation,0.3630169578,0.08226233308,0.3474512364,0.313566314,0.3858408778,30
6,192,autocorrelation,0.365933938,0.08520424882,0.3452507446,0.2997019612,0.3959606171,30
6,194,autocorrelation,0.3489698636,0.08735301273,0.3270973988,0.2945589956,0.3749117677,30
6,196,autocorrelation,0.3534838501,0.09094984142,0.3249720002,0.2967403572,0.4090304929,30
6,198,autocorrelation,0.3575155125,0.09068179428,0.337239064,0.2955128328,0.4035041994,30
6,200,autocorrelation,0.3675474966,0.08974780535,0.3471884812,0.3127020555,0.4066990792,30
6,202,autocorrelation,0.3615825579,0.09573954452,0.336807995,0.2983370483,0.407923721,30
6,204,autocorrelation,0.370977807,0.08840271446,0.3393157308,0.3184346441,0.4097894766,30
6,206,autocorrelation,0.3726562184,0.09276271274,0.3531410676,0.3192545514,0.4007136477,30
6,208,autocorrelation,0.3578006087,0.09453676162,0.334575076,0.310231861,0.3908070975,30
6,210,autocorrelation,0.362709405,0.09474774321,0.3524279374,0.2995146778,0.4075481623,30
6,212,autocorrelation,0.3647782273,0.08661627307,0.3497243157,0.305582681,0.4016928446,30
6,214,autocorrelation,0.3675652806,0.07920099051,0.3376120981,0.3233220848,0.3935429763,30
6,216,autocorrelation,0.3531000989,0.09032941624,0.3344716599,0.298544152,0.3757567951,30
6,218,autocorrelation,0.3647141455,0.08158699639,0.346195463,0.3126615564,0.3972784851,30
6,220,autocorrelation,0.3664517458,0.09063231957,0.3445527351,0.3094257415,0.3931753497,30
6,222,autocorrelation,0.3504318075,0.08723268816,0.3272338433,0.3044998534,0.3850221925,30
6,224,autocorrelation,0.3535330604,0.08082030659,0.3329178619,0.3172605466,0.3794336208,30
6,226,autocorrelation,0.3529819902,0.08757626798,0.333023524,0.296791183,0.3865185148,30
6,228,autocorrelation,0.3568956295,0.09215072906,0.3435793532,0.2943741667,0.3833754928,30
6,230,autocorrelation,0.3709823411,0.09877318455,0.3454449131,0.3212795172,0.3825086345,30
6,232,autocorrelation,0.3702946187,0.09633359052,0.3566418243,0.303400968,0.3990766697,30
6,234,autocorrelation,0.3644375917,0.08790884731,0.3519368204,0.3125718431,0.3769929016,30
6,236,autocorrelation,0.3609310877,0.09045818811,0.3434147254,0.3061088152,0.3883693756,30
6,238,autocorrelation,0.3647627405,0.08689363129,0.3518197055,0.3182673096,0.3880351882,30
6,240,autocorrelation,0.3727145992,0.09237334646,0.3465286923,0.3208240478,0.41277188,30
6,242,autocorrelation,0.3713866145,0.08550701578,0.3639344869,0.3103101453,0.4176959125,30
6,244,autocorrelation,0.3607240473,0.08753051133,0.3405555869,0.301410749,0.4037253892,30
6,246,autocorrelation,0.3506649487,0.08820608542,0.3263550185,0.2952640344,0.3829389083,30
6,248,autocorrelation,0.3487685904,0.08346587144,0.3234554532,0.2993223274,0.3713722406,30
6,250,autocorrelation,0.3530729268,0.08311075255,0.3352391895,0.3012958059,0.3659196782,30
6,252,autocorrelation,0.3574735366,0.081494758,0.3377950748,0.3091603234,0.3967178556,30
6,254,autocorrelation,0.3603120797,0.08261276039,0.3363463101,0.3151089122,0.3764355758,30
6,256,autocorrelation,0.3564986158,0.08724595213,0.3452790017,0.2853938266,0.3897263575,30
6,258,autocorrelation,0.3678277323,0.08764661428,0.3433026967,0.3084630185,0.3981417678,30
6,260,autocorrelation,0.3574476624,0.09423598467,0.3292386506,0.2975593105,0.3898333578,30
6,262,autocorrelation,0.3638273231,0.09184722174,0.3364880518,0.3053631661,0.4124272519,30
6,264,autocorrelation,0.3699726309,0.09517820047,0.3513313791,0.3116963322,0.4182548178,30
6,266,autocorrelation,0.3694346787,0.09668808275,0.3415943688,0.3059667783,0.4250224767,30
6,268,autocorrelation,0.3591481356,0.1047627942,0.3435723167,0.2969487383,0.3828436216,30
6,270,autocorrelation,0.3587980515,0.1017996883,0.3259055609,0.2931175726,0.4048874734,30
6,272,autocorrelation,0.3629293462,0.09684647352,0.3442153394,0.3149514272,0.3761418732,30
6,274,autocorrelation,0.3503680265,0.1033525201,0.3152988528,0.2912761569,0.3751369386,30
6,276,autocorrelation,0.3572179106,0.09600084632,0.3357363784,0.2983459008,0.390556508,30
6,278,autocorrelation,0.3599751428,0.0824802631,0.3370190391,0.3149138172,0.3769895073,30
6,280,autocorrelation,0.3661870623,0.08774954689,0.3477432486,0.314487541,0.4150892383,30
6,282,autocorrelation,0.377659258,0.08806864111,0.367920267,0.3178637035,0.4173971174,30
6,284,autocorrelation,0.3647168936,0.08498024977,0.3509634002,0.3058537166,0.3989469253,30
6,286,autocorrelation,0.3589258008,0.08394076128,0.3386394565,0.3048697281,0.389450937,30
6,288,autocorrelation,0.356140347,0.08827866178,0.3477144705,0.2858423498,0.3925726564,30
6,290,autocorrelation,0.3668331002,0.09180255734,0.3616320872,0.3032732399,0.4147549859,30
6,292,autocorrelation,0.3649808085,0.09080742943,0.3423062088,0.3033111953,0.4112256205,30
6,294,autocorrelation,0.3613062479,0.09713373295,0.3458432596,0.3109615386,0.3804534973,30
6,296,autocorrelation,0.3610009444,0.09498072209,0.339279187,0.3008557039,0.4040002253,30
6,298,autocorrelation,0.3716075788,0.09673864546,0.341666906,0.3084395861,0.4092701052,30
6,300,autocorrelation,0.3720431398,0.0901538545,0.3540025307,0.3154659431,0.397647907,30
6,302,autocorrelation,0.369558651,0.09400422324,0.3475848865,0.3069082103,0.4240533189,30
6,304,autocorrelation,0.3500113561,0.0901919203,0.3244511333,0.2912481343,0.3866155615,30
6,306,autocorrelation,0.3532429153,0.08662669876,0.3344594843,0.2896806223,0.3898241775,30
6,308,autocorrelation,0.3582555416,0.08935682849,0.3308887842,0.3068837314,0.3817731483,30
6,310,autocorrelation,0.3545366843,0.08385690852,0.3470456432,0.3065885712,0.3778541201,30
6,312,autocorrelation,0.3637513324,0.08485122638,0.3521643346,0.3026587332,0.4054321091,30
6,314,autocorrelation,0.3652447587,0.07914964778,0.353239475,0.3043281675,0.4040271822,30
6,316,autocorrelation,0.3549120763,0.08613227222,0.3406378113,0.3037821908,0.3745479905,30
6,318,autocorrelation,0.3664097761,0.08804201098,0.3593654957,0.3059869958,0.3917862313,30
6,320,autocorrelation,0.3677965417,0.09107638688,0.3364506119,0.3179413673,0.3803239906,30
6,322,autocorrelation,0.3756913037,0.09696401722,0.3437709877,0.3317014963,0.4163492607,30
6,324,autocorrelation,0.3737721936,0.09681985586,0.3493945941,0.3172454219,0.4220609635,30
6,326,autocorrelation,0.3542631158,0.1024005253,0.3300023358,0.2870394769,0.3804295309,30
6,328,autocorrelation,0.3640605887,0.09780246097,0.3506722598,0.3039571163,0.386767766,30
6,330,autocorrelation,0.3548941048,0.09569509081,0.3375587975,0.3064677419,0.3714843414,30
6,332,autocorrelation,0.3621314046,0.09249032771,0.3364731456,0.3121515403,0.371323505,30
6,334,autocorrelation,0.3646354352,0.09439563302,0.348803242,0.3235760509,0.3804908041,30
6,336,autocorrelation,0.3581924052,0.09086480437,0.328144608,0.2880189374,0.4024879058,30
6,338,autocorrelation,0.3567625985,0.08862816598,0.3347302047,0.2980286831,0.3958913244,30
6,340,autocorrelation,0.3611315472,0.08675509141,0.340457176,0.3030812187,0.4066623821,30
6,342,autocorrelation,0.3624884918,0.08564334401,0.3324014197,0.3119728963,0.4004814918,30
6,344,autocorrelation,0.3578876851,0.07718268864,0.3410279475,0.3077340993,0.3901515179,30
6,346,autocorrelation,0.3585263022,0.08027971047,0.3275699499,0.3008128806,0.407598001,30
6,348,autocorrelation,0.3638345162,0.08430885444,0.3506588936,0.3070953375,0.4149108022,30
6,350,autocorrelation,0.3602473523,0.08251189407,0.3425374214,0.3081866145,0.3935879531,30
6,352,autocorrelation,0.3659092762,0.08164331034,0.3552731088,0.3173306326,0.3871226363,30
6,354,autocorrelation,0.3533666453,0.08097830128,0.3412630584,0.3077262724,0.377422334,30
6,356,autocorrelation,0.3527435099,0.08206276093,0.338001862,0.314091664,0.365528006,30
6,358,autocorrelation,0.3565214831,0.08815216846,0.3300309367,0.310776639,0.3913017191,30
6,360,autocorrelation,0.3557385122,0.08961295187,0.3279746793,0.3078999068,0.3829119508,30
6,362,autocorrelation,0.347194381,0.0877532947,0.3219968652,0.283649952,0.3865103507,30
6,364,autocorrelation,0.3592853556,0.08607896568,0.3486075111,0.3090350067,0.3931181305,30
6,366,autocorrelation,0.3651272706,0.09158243905,0.3414730033,0.3104017741,0.4275371777,30
6,368,autocorrelation,0.3638602676,0.08280738921,0.3333723019,0.3180622431,0.4037565771,30
6,370,autocorrelation,0.3573767833,0.08755894918,0.3468785953,0.2868199714,0.3959999238,30
6,372,autocorrelation,0.3613462433,0.09227212483,0.336232757,0.3030953322,0.3837445999,30
6,374,autocorrelation,0.3636820112,0.09391665135,0.3389693841,0.3071235587,0.4006567715,30
6,376,autocorrelation,0.3737438336,0.0980203665,0.3537687749,0.3077461747,0.4121964092,30
6,378,autocorrelation,0.3664512185,0.1009419289,0.3436584883,0.3222522622,0.4092388593,30
6,380,autocorrelation,0.3559662328,0.1030401731,0.3407168733,0.2910142646,0.3796259968,30
6,382,autocorrelation,0.3713847034,0.1005873839,0.3524084397,0.3200455225,0.409114947,30
6,384,autocorrelation,0.3822693585,0.1003803583,0.3490643267,0.3256589984,0.4228642102,30
6,386,autocorrelation,0.3715586433,0.09905565352,0.3484966568,0.3221983045,0.3890801686,30
6,388,autocorrelation,0.3519153965,0.09997551777,0.3301650199,0.2978599016,0.3819366908,30
6,390,autocorrelation,0.3578877337,0.09457030213,0.3352170423,0.3095806915,0.3833785482,30
6,392,autocorrelation,0.361424408,0.08968720015,0.3375167007,0.3132773199,0.4008907318,30
6,394,autocorrelation,0.3614375533,0.08373557731,0.3420268347,0.3043071804,0.3972683121,30
6,396,autocorrelation,0.3653756252,0.08662228336,0.3401119055,0.3130743954,0.3974928827,30
6,398,autocorrelation,0.3566215571,0.08850311658,0.3403852655,0.298535065,0.3880189979,30
6,400,autocorrelation,0.353393026,0.09097742854,0.3424667025,0.276271479,0.3760412782,30
7,0,autocorrelation,1,4.043112919e-15,1,1,1,30
7,2,autocorrelation,0.4649473228,0.1767058868,0.4486598464,0.3283919793,0.5860979802,30
7,4,autocorrelation,0.3076715504,0.1653802744,0.2467112232,0.1880113985,0.390914106,30
7,6,autocorrelation,0.2556430244,0.1371253239,0.2008313485,0.1703409404,0.282828043,30
7,8,autocorrelation,0.2326581884,0.1155682913,0.1899840614,0.1664260204,0.2389686283,30
7,10,autocorrelation,0.2239835688,0.101963567,0.1931292575,0.1683543681,0.2341997734,30
7,12,autocorrelation,0.2229735355,0.09152813689,0.1894334378,0.178580596,0.2352332139,30
7,14,autocorrelation,0.2259784798,0.08347797647,0.200998432,0.1843217903,0.2342048539,30
7,16,autocorrelation,0.2299200186,0.07742755109,0.2000636145,0.1899314351,0.2426280446,30
7,18,autocorrelation,0.2286743592,0.07490932991,0.2092056327,0.1841306228,0.2454527455,30
7,20,autocorrelation,0.2260318276,0.0712007124,0.2153585415,0.1868174951,0.2369828128,30
7,22,autocorrelation,0.232764214,0.06832471634,0.2130819299,0.1895459403,0.2488397464,30
7,24,autocorrelation,0.2390239452,0.0672339992,0.2283912597,0.2031486258,0.2528476916,30
7,26,autocorrelation,0.2395500696,0.06721507681,0.2294319459,0.1968958782,0.255612373,30
7,28,autocorrelation,0.2404142515,0.06954667426,0.236107708,0.200548831,0.2567041204,30
7,30,autocorrelation,0.2466869472,0.07539596048,0.2360820167,0.1985294052,0.2703309078,30
7,32,autocorrelation,0.2455330081,0.07649729335,0.2248486993,0.1998906992,0.2704419463,30
7,34,autocorrelation,0.2432379097,0.07952955747,0.2275166676,0.1940974299,0.2677814441,30
7,36,autocorrelation,0.2494940399,0.07869710511,0.2315804539,0.199447567,0.2631725366,30
7,38,autocorrelation,0.2613185371,0.08073769793,0.257092789,0.1997993862,0.2830446191,30
7,40,autocorrelation,0.2609199871,0.08616164033,0.2444184534,0.2127444305,0.2847087855,30
7,42,autocorrelation,0.2642896631,0.08915470661,0.2378259542,0.2025463867,0.2897158538,30
7,44,autocorrelation,0.2636628321,0.09626912591,0.2316439604,0.2019328209,0.2985456931,30
7,46,autocorrelation,0.2602392191,0.09510966875,0.2284399072,0.202132324,0.2763901782,30
7,48,autocorrelation,0.2591727687,0.09110825426,0.2324483904,0.201859961,0.2789672116,30
7,50,autocorrelation,0.2553822353,0.09283777232,0.2282321694,0.1972382524,0.2798350658,30
7,52,autocorrelation,0.2577425073,0.09248525853,0.2387697272,0.2118821898,0.2733528441,30
7,54,autocorrelation,0.259242973,0.0921425678,0.2451388704,0.1998755337,0.2894660897,30
7,56,autocorrelation,0.258908797,0.09018939956,0.2337575167,0.2033541341,0.2928156707,30
7,58,autocorrelation,0.2628523795,0.08807803322,0.2488937152,0.2015411699,0.2884072868,30
7,60,autocorrelation,0.2630773443,0.0895938597,0.2535809907,0.1996773244,0.28277768,30
7,62,autocorrelation,0.2687283345,0.08907429097,0.2432116673,0.2161453377,0.2937738603,30
7,64,autocorrelation,0.2648229341,0.09107227943,0.2416622085,0.2031469869,0.2921395587,30
7,66,autocorrelation,0.2600078485,0.08809915657,0.2342521768,0.1996593438,0.2852376296,30
7,68,autocorrelation,0.2606008808,0.08873285857,0.2397988596,0.2014488389,0.2846632121,30
7,70,autocorrelation,0.2636683515,0.08445096769,0.247425587,0.2173660422,0.2863800533,30
7,72,autocorrelation,0.2628924496,0.0854253342,0.2394370562,0.2137339112,0.2713920764,30
7,74,autocorrelation,0.2633378614,0.08537987375,0.2376107979,0.2102266123,0.2705880861,30
7,76,autocorrelation,0.262477579,0.08654350227,0.2453526358,0.1977785546,0.2890502134,30
7,78,autocorrelation,0.2572759123,0.08763880453,0.2279073229,0.1967688895,0.286392611,30
7,80,autocorrelation,0.2581767749,0.08932060658,0.2233736326,0.1935398004,0.2949097967,30
7,82,autocorrelation,0.2600820035,0.09035390536,0.2349485824,0.1900895268,0.2979962451,30
7,84,autocorrelation,0.265523217,0.08651713296,0.2563059515,0.2009657468,0.2970659581,30
7,86,autocorrelation,0.2592611397,0.08820167378,0.2351305484,0.1966942834,0.2863297714,30
7,88,autocorrelation,0.2591591105,0.08503150598,0.2324313064,0.2032746507,0.2888826288,30
7,90,autocorrelation,0.259658236,0.08133256231,0.2394486477,0.2102317408,0.293016265,30
7,92,autocorrelation,0.2567232961,0.08172958977,0.234008425,0.1985074345,0.291069912,30
7,94,autocorrelation,0.2593847565,0.07872605552,0.2300473811,0.2056416456,0.304055164,30
7,96,autocorrelation,0.2577549178,0.08102723841,0.2314868739,0.1991586809,0.2957685479,30
7,98,autocorrelation,0.2585025575,0.08132041722,0.2338335682,0.2027580985,0.2861900925,30
7,100,autocorrelation,0.255866663,0.0825289261,0.2448005777,0.1904238756,0.2899856484,30
7,102,autocorrelation,0.2549542684,0.08265740853,0.2369788853,0.2010197645,0.2901068398,30
7,104,autocorrelation,0.2617396218,0.08514127325,0.2419217506,0.2067106011,0.2787423492,30
7,106,autocorrelation,0.2601443247,0.08345538282,0.2406635172,0.2061332459,0.2872396274,30
7,108,autocorrelation,0.2609164069,0.08351459748,0.2487847479,0.2055429505,0.288521091,30
7,110,autocorrelation,0.262683616,0.082403288,0.2374113835,0.2136919377,0.2879617771,30
7,112,autocorrelation,0.2599185474,0.08567604533,0.2358878179,0.2150027069,0.27915709,30
7,114,autocorrelation,0.2566449861,0.08663626112,0.2362949506,0.2033214747,0.2771485455,30
7,116,autocorrelation,0.2588599042,0.08524720328,0.2372417341,0.206290501,0.2745220506,30
7,118,autocorrelation,0.2594931987,0.08603306245,0.2470884191,0.1977663685,0.279745815,30
7,120,autocorrelation,0.2606278548,0.08476426382,0.2514980078,0.1976357167,0.2969120754,30
7,122,autocorrelation,0.2584983098,0.08216582313,0.2268858891,0.2099197564,0.2907737258,30
7,124,autocorrelation,0.2626314893,0.0827014719,0.2482645213,0.2188626831,0.2923006794,30
7,126,autocorrelation,0.2606218826,0.08231282606,0.2400587365,0.207453142,0.2771840179,30
7,128,autocorrelation,0.2560321491,0.08135863685,0.2504250801,0.2035981534,0.2812091261,30
7,130,autocorrelation,0.2518554885,0.07792837729,0.2406150314,0.2026843619,0.2777245566,30
7,132,autocorrelation,0.2520101882,0.07586257172,0.2444348233,0.1951213231,0.2768143019,30
7,134,autocorrelation,0.2512183759,0.07583459048,0.2473385352,0.1936533184,0.2809385502,30
7,136,autocorrelation,0.253417597,0.07397709584,0.2380100584,0.2066996317,0.2825142334,30
7,138,autocorrelation,0.2527607263,0.07481297568,0.2352102963,0.200054997,0.2721274974,30
7,140,autocorrelation,0.2555290511,0.07869589058,0.2341498024,0.2158084794,0.2700344602,30
7,142,autocorrelation,0.2584453303,0.08609789857,0.2322227785,0.2059869845,0.2816738255,30
7,144,autocorrelation,0.2633946321,0.08589713463,0.2392030057,0.2098111725,0.2821667192,30
7,146,autocorrelation,0.2632929365,0.08921026347,0.2418116473,0.1950764169,0.3011370702,30
7,148,autocorrelation,0.2615827927,0.09077219851,0.2393502048,0.2109069,0.2836577261,30
7,150,autocorrelation,0.2651093766,0.09275574971,0.2408205033,0.1984028522,0.286295598,30
7,152,autocorrelation,0.26203662,0.09391927579,0.2239926284,0.2056564601,0.3045918452,30
7,154,autocorrelation,0.2598332258,0.09522201074,0.2272726655,0.1992015769,0.2998326198,30
7,156,autocorrelation,0.2590968161,0.1001115085,0.2191003144,0.2002843122,0.2934744093,30
7,158,autocorrelation,0.2644155281,0.1024567042,0.2298963186,0.2000142325,0.3014707914,30
7,160,autocorrelation,0.2663584296,0.1046147264,0.2362055282,0.1890415413,0.2960924402,30
7,162,autocorrelation,0.264018913,0.1019234659,0.24417741,0.1978394831,0.2902557986,30
7,164,autocorrelation,0.2650719134,0.09692726083,0.2444541139,0.2095963142,0.2822884704,30
7,166,autocorrelation,0.2619899177,0.09332932883,0.2439635616,0.21991141,0.2722938879,30
7,168,autocorrelation,0.2655700039,0.09363747698,0.2475473534,0.2197278891,0.2838171546,30
7,170,autocorrelation,0.2625410568,0.09467223221,0.2405314203,0.2162790385,0.2683756259,30
7,172,autocorrelation,0.2653216876,0.09558784586,0.2414646029,0.2024932987,0.2771949416,30
7,174,autocorrelation,0.2662504841,0.09561343179,0.250168613,0.2097866803,0.2859930918,30
7,176,autocorrelation,0.2658330192,0.09195231611,0.2380594571,0.2130888368,0.2912047737,30
7,178,autocorrelation,0.2596026297,0.09164975475,0.2346371609,0.2113644057,0.2660929369,30
7,180,autocorrelation,0.2611627204,0.09038197798,0.2353034917,0.2037019981,0.2819441168,30
7,182,autocorrelation,0.2597917515,0.08573351297,0.2351692261,0.2042212629,0.2674539622,30
7,184,autocorrelation,0.2609872681,0.08902258379,0.2453137289,0.1943227034,0.2906913626,30
7,186,autocorrelation,0.259616067,0.08714733333,0.2414131273,0.2098367006,0.2711780497,30
7,188,autocorrelation,0.2599859544,0.08971429712,0.2472310484,0.1982898077,0.2746216111,30
7,190,autocorrelation,0.2619492207,0.09228954912,0.247135703,0.2062651421,0.2827673015,30
7,192,autocorrelation,0.2566632831,0.0880239503,0.2319888861,0.2053507612,0.2852481001,30
7,194,autocorrelation,0.2514350227,0.09443203906,0.225308403,0.1882113984,0.2850707003,30
7,196,autocorrelation,0.2582971051,0.09091405983,0.2268018312,0.1989283497,0.2897596816,30
7,198,autocorrelation,0.2619199627,0.08931560168,0.2374743192,0.2173478642,0.287234017,30
7,200,autocorrelation,0.2608291221,0.0894514515,0.2529954299,0.1965161877,0.2840809084,30
7,202,autocorrelation,0.2637330247,0.08853669896,0.2462752885,0.2074999649,0.2948073451,30
7,204,autocorrelation,0.2628231951,0.09005211683,0.2468734619,0.2006809791,0.30319113,30
7,206,autocorrelation,0.2636403908,0.08795398189,0.2464787066,0.2065787355,0.289448436,30
7,208,autocorrelation,0.2628269132,0.09117222826,0.2457608833,0.1993171555,0.2887496224,30
7,210,autocorrelation,0.2639711029,0.09143914154,0.235021213,0.2124825303,0.2981556902,30
7,212,autocorrelation,0.255787769,0.09591836067,0.2269251128,0.1971109444,0.2922138497,30
7,214,autocorrelation,0.2615565508,0.09666151953,0.2335161225,0.195296264,0.2870780574,30
7,216,autocorrelation,0.2662782872,0.09459015367,0.2427111732,0.1988113747,0.2914497457,30
7,218,autocorrelation,0.2666225045,0.09756127005,0.2441287893,0.2010551253,0.2986808227,30
7,220,autocorrelation,0.2629815533,0.1010547201,0.2314537647,0.2029082968,0.29214655,30
7,222,autocorrelation,0.2636101978,0.09730239883,0.2361793926,0.2077713059,0.2798398246,30
7,224,autocorrelation,0.2701688236,0.09490697297,0.2409977676,0.215174477,0.2865481644,30
7,226,autocorrelation,0.2649420305,0.09764452302,0.2342016593,0.1962970132,0.3018719731,30
7,228,autocorrelation,0.2675208754,0.09433108371,0.2410180898,0.2027179022,0.3022795049,30
7,230,autocorrelation,0.2681137285,0.09057756846,0.2513859034,0.21482156,0.2767289842,30
7,232,autocorrelation,0.2560052211,0.09276405748,0.2341602152,0.2031246772,0.2729075558,30
7,234,autocorrelation,0.2580082822,0.09055112244,0.2332971483,0.2024286961,0.2691658986,30
7,236,autocorrelation,0.2604162852,0.08932979106,0.2369943503,0.209718248,0.2862686301,30
7,238,autocorrelation,0.2601253852,0.08604758222,0.2331634518,0.2108356036,0.2859306161,30
7,240,autocorrelation,0.25933419,0.08534383827,0.2510952067,0.2112776214,0.2768444674,30
7,242,autocorrelation,0.2637595555,0.08406725694,0.248935216,0.2085709874,0.2894923692,30
7,244,autocorrelation,0.2640194448,0.08616982537,0.2465410232,0.2115336556,0.2914294847,30
7,246,autocorrelation,0.2559010989,0.08653261766,0.2313904838,0.1983267872,0.2804944874,30
7,248,autocorrelation,0.2577021718,0.08843999549,0.2358686544,0.200678541,0.288400537,30
7,250,autocorrelation,0.2580190237,0.08827700808,0.2324146406,0.2067489539,0.2803454985,30
7,252,autocorrelation,0.2667671513,0.08493520945,0.2498954655,0.2079743229,0.2928476873,30
7,254,autocorrelation,0.2569517069,0.0906919079,0.2391071527,0.1948175033,0.2851379397,30
7,256,autocorrelation,0.2585601232,0.087029643,0.23835223,0.2064400844,0.2839667102,30
7,258,autocorrelation,0.2551852486,0.08804758049,0.2293178431,0.1951267051,0.2845453602,30
7,260,autocorrelation,0.2511914478,0.08829077751,0.2462822114,0.1985440225,0.2713003353,30
7,262,autocorrelation,0.2605085561,0.08640225085,0.2407309486,0.208444468,0.2896013765,30
7,264,autocorrelation,0.2615163062,0.0878411626,0.2548040603,0.2061311956,0.279243594,30
7,266,autocorrelation,0.2640831911,0.086778756,0.2504121232,0.2058824433,0.286925917,30
7,268,autocorrelation,0.2674680332,0.08736402207,0.2509227322,0.19583865,0.30295667,30
7,270,autocorrelation,0.2642005046,0.08960151572,0.2434108703,0.1956676035,0.3043834607,30
7,272,autocorrelation,0.2678429009,0.09165042947,0.2351581469,0.2131814055,0.3240991651,30
7,274,autocorrelation,0.2700725415,0.09117362433,0.2584774535,0.2044662528,0.3045188181,30
7,276,autocorrelation,0.2697153263,0.09224327115,0.244005605,0.2085617615,0.2898770302,30
7,278,autocorrelation,0.2717081851,0.09219288947,0.2458459119,0.2232599784,0.3039402347,30
7,280,autocorrelation,0.2663404251,0.09394700542,0.2481377429,0.216801678,0.28967632,30
7,282,autocorrelation,0.2637597445,0.09425717249,0.242693901,0.2076508211,0.2907278753,30
7,284,autocorrelation,0.2611786097,0.09224747419,0.2412374393,0.2055938106,0.2791716598,30
7,286,autocorrelation,0.2635863449,0.08841889426,0.2454866135,0.2069113996,0.2824318669,30
7,288,autocorrelation,0.258433786,0.08543660284,0.2361247998,0.2000702359,0.2823992052,30
7,290,autocorrelation,0.2593850827,0.08057222368,0.2421303155,0.1972063526,0.2886245549,30
7,292,autocorrelation,0.2609633181,0.07677860355,0.2507238048,0.2124931399,0.2857907294,30
7,294,autocorrelation,0.2574749103,0.07701707144,0.2442176894,0.2149031741,0.2879138115,30
7,296,autocorrelation,0.2545871944,0.07484102744,0.2451499198,0.2088720466,0.2771367564,30
7,298,autocorrelation,0.2584337134,0.07386696596,0.2541156904,0.2106332828,0.2826014798,30
7,300,autocorrelation,0.2535995946,0.07264543633,0.2384628165,0.2100523451,0.2775411276,30
7,302,autocorrelation,0.2577139948,0.07443336903,0.2335074751,0.2053324728,0.2777575468,30
7,304,autocorrelation,0.2619732163,0.07717732226,0.2495942114,0.2145246299,0.2972522758,30
7,306,autocorrelation,0.2589549118,0.07944073015,0.2394162591,0.1965489948,0.2939855557,30
7,308,autocorrelation,0.2603521174,0.07909451364,0.2436742648,0.2035703516,0.2822048841,30
7,310,autocorrelation,0.258741134,0.08467287544,0.2337376087,0.1993630026,0.3055939808,30
7,312,autocorrelation,0.2586210424,0.08453524093,0.2383870795,0.2023043096,0.301931038,30
7,314,autocorrelation,0.2578812965,0.08338383903,0.2324476005,0.1993798468,0.2901478792,30
7,316,autocorrelation,0.2592905438,0.08500645455,0.2326626234,0.2054381375,0.2760131538,30
7,318,autocorrelation,0.2574790904,0.08762582316,0.2388241724,0.2098373062,0.2854232265,30
7,320,autocorrelation,0.2613791196,0.08771305704,0.239820625,0.2032207374,0.2873299411,30
7,322,autocorrelation,0.2582035132,0.08839666378,0.2317882202,0.2023747426,0.2794796422,30
7,324,autocorrelation,0.260404781,0.09141282125,0.2252386021,0.1986169238,0.2892479168,30
7,326,autocorrelation,0.2557827209,0.08772282151,0.2238520472,0.1971505246,0.2896495088,30
7,328,autocorrelation,0.2639538787,0.08554059646,0.2450726471,0.1988585486,0.3073794924,30
7,330,autocorrelation,0.2610095908,0.08288078797,0.247584473,0.2004550022,0.2971366853,30
7,332,autocorrelation,0.2536714065,0.08458653367,0.2300796657,0.2015443434,0.2842787355,30
7,334,autocorrelation,0.2594304544,0.08603347927,0.2406390747,0.2079541342,0.2876306666,30
7,336,autocorrelation,0.2543544579,0.09263954308,0.2401138593,0.1936975722,0.2804675951,30
7,338,autocorrelation,0.2540057019,0.09268149252,0.2301611243,0.2034630187,0.2695963238,30
7,340,autocorrelation,0.2639829501,0.09018165199,0.2404832528,0.2171583843,0.2807594439,30
7,342,autocorrelation,0.2647493186,0.08715116168,0.2485247196,0.2101213397,0.2922677553,30
7,344,autocorrelation,0.2582717577,0.08531808981,0.2487103597,0.2058693897,0.2737856086,30
7,346,autocorrelation,0.2578420551,0.08244739624,0.2480660937,0.2049128057,0.2769639313,30
7,348,autocorrelation,0.2614010134,0.0820306645,0.2383532343,0.2072884374,0.2980209273,30
7,350,autocorrelation,0.2680003918,0.08288806046,0.262514937,0.2037611497,0.2975638413,30
7,352,autocorrelation,0.2622282469,0.08177395193,0.257714909,0.1972009159,0.3040744577,30
7,354,autocorrelation,0.2571185638,0.0799278087,0.2426115228,0.2108942117,0.293461337,30
7,356,autocorrelation,0.2543004721,0.07980963879,0.2333211822,0.2006750813,0.2890583505,30
7,358,autocorrelation,0.2619911534,0.0776520033,0.2418747404,0.2073631544,0.3032629411,30
7,360,autocorrelation,0.2610161105,0.08174653221,0.2461771515,0.2027569621,0.303678408,30
7,362,autocorrelation,0.2635221798,0.08615381584,0.229060578,0.2042414999,0.2927903168,30
7,364,autocorrelation,0.265557062,0.08396245892,0.2449783387,0.2142162765,0.2765090996,30
7,366,autocorrelation,0.2608570411,0.08963516481,0.2397879666,0.2061711576,0.2690738474,30
7,368,autocorrelation,0.2585168779,0.09327233269,0.2363829209,0.1962199987,0.2831015467,30
7,370,autocorrelation,0.2599770722,0.09550245361,0.2262944051,0.200426194,0.2849152495,30
7,372,autocorrelation,0.2646169976,0.09203889481,0.2414083702,0.2013188879,0.276569564,30
7,374,autocorrelation,0.264620043,0.09523361423,0.2362182583,0.2181655153,0.2951361548,30
7,376,autocorrelation,0.2644049423,0.093740156,0.2399073865,0.2134043667,0.2956978427,30
7,378,autocorrelation,0.2605183946,0.09243089944,0.2258741097,0.20935847,0.2938304238,30
7,380,autocorrelation,0.2639409017,0.08960357306,0.2363515674,0.2054506908,0.2843146577,30
7,382,autocorrelation,0.2573428114,0.09162223383,0.2343426774,0.199123085,0.2884781157,30
7,384,autocorrelation,0.2543901376,0.09043815161,0.2317817307,0.2006822346,0.2636937682,30
7,386,autocorrelation,0.2573482545,0.09061312137,0.23169425,0.2098079539,0.2764626287,30
7,388,autocorrelation,0.2649098805,0.09377400715,0.2462233686,0.2117634555,0.2853052293,30
7,390,autocorrelation,0.2617693791,0.0952601478,0.2324164362,0.2064608819,0.282573118,30
7,392,autocorrelation,0.2594536129,0.09706160507,0.2309570859,0.2047691204,0.2944321943,30
7,394,autocorrelation,0.2582651657,0.09605728031,0.2259878175,0.2044796597,0.2875391886,30
7,396,autocorrelation,0.2600985676,0.09501824936,0.2455099567,0.2032621817,0.2818220842,30
7,398,autocorrelation,0.2607336136,0.09340273031,0.2454471642,0.1994881998,0.28319098,30
7,400,autocorrelation,0.2630076042,0.09502563489,0.2362515789,0.1957362545,0.2945067067,30
8,0,autocorrelation,1,2.034434766e-15,1,1,1,20
8,2,autocorrelation,0.5780175372,0.1329514524,0.5656858955,0.5164380898,0.6629307971,20
8,4,autocorrelation,0.3669530543,0.1544841673,0.3141317848,0.288164733,0.4594062606,20
8,6,autocorrelation,0.2688280107,0.1450006455,0.2074899827,0.1815045111,0.3334292624,20
8,8,autocorrelation,0.2197802215,0.1299313166,0.1597297835,0.1403767215,0.2595123251,20
8,10,autocorrelation,0.1962016469,0.1152468182,0.1500174713,0.1328207419,0.2224833093,20
8,12,autocorrelation,0.1857083729,0.1012178505,0.149590202,0.1321320186,0.205451593,20
8,14,autocorrelation,0.1781803975,0.09076868581,0.1472774809,0.1331131534,0.1930167882,20
8,16,autocorrelation,0.1771381306,0.08114771759,0.1517274483,0.1352071786,0.1875173414,20
8,18,autocorrelation,0.1727429132,0.07673714331,0.1484140872,0.1348583719,0.1826883198,20
8,20,autocorrelation,0.1723231826,0.07273660216,0.1550940553,0.1352899553,0.1888782488,20
8,22,autocorrelation,0.1735814677,0.06804042452,0.1573450087,0.1415165466,0.1845298803,20
8,24,autocorrelation,0.1731640872,0.06562814389,0.1604892644,0.1372721055,0.1784801467,20
8,26,autocorrelation,0.17108922,0.06427918658,0.156974655,0.1411492509,0.1852727987,20
8,28,autocorrelation,0.1697588184,0.06187914013,0.1592825951,0.1363837684,0.1783095528,20
8,30,autocorrelation,0.1724789018,0.05797853627,0.1621854985,0.1448981031,0.179125127,20
8,32,autocorrelation,0.1770365076,0.05694270892,0.168574471,0.1439968833,0.1946158532,20
8,34,autocorrelation,0.178156464,0.05564560098,0.1634984973,0.1418012422,0.1952523722,20
8,36,autocorrelation,0.183783394,0.05690750529,0.1702897471,0.1439655573,0.2005716496,20
8,38,autocorrelation,0.187470938,0.05562727035,0.1803142958,0.147802582,0.2055470632,20
8,40,autocorrelation,0.1836639969,0.0549706319,0.1821685916,0.1445394991,0.1959123775,20
8,42,autocorrelation,0.1853825462,0.05663511774,0.1807243719,0.1504459661,0.2047630407,20
8,44,autocorrelation,0.1866979476,0.05569714294,0.1736388547,0.1481208914,0.2053805104,20
8,46,autocorrelation,0.1870513622,0.05819183657,0.1746796636,0.1466128179,0.2039342448,20
8,48,autocorrelation,0.1866398988,0.06067204076,0.1687958727,0.1475907408,0.2100964485,20
8,50,autocorrelation,0.1900356686,0.06095201664,0.1783283294,0.1479597538,0.205954978,20
8,52,autocorrelation,0.1910510659,0.06122927466,0.1787396615,0.1466354828,0.2074352317,20
8,54,autocorrelation,0.1934630214,0.06157688301,0.1758994715,0.1503250436,0.2158118878,20
8,56,autocorrelation,0.1991492334,0.0615999823,0.1914011861,0.1530155841,0.2185717882,20
8,58,autocorrelation,0.1994864424,0.06180739195,0.1810652821,0.156953186,0.2221773177,20
8,60,autocorrelation,0.200346168,0.06173472263,0.1700257587,0.1562912595,0.2324798691,20
8,62,autocorrelation,0.2008327757,0.06049028481,0.186381997,0.1587562032,0.2255308593,20
8,64,autocorrelation,0.1991627164,0.05999116087,0.184684859,0.1544286821,0.2242939675,20
8,66,autocorrelation,0.1968469985,0.06205872433,0.1768983287,0.1544857651,0.2194845954,20
8,68,autocorrelation,0.1998566259,0.05968637856,0.1748910237,0.1635317058,0.2197345377,20
8,70,autocorrelation,0.1970292229,0.05818769509,0.1762182157,0.1613227396,0.2045247668,20
8,72,autocorrelation,0.1956931063,0.05706175053,0.1819001043,0.1661406122,0.2007057309,20
8,74,autocorrelation,0.1972510984,0.0578958589,0.18660037,0.1681738492,0.2121493186,20
8,76,autocorrelation,0.198186694,0.05531131085,0.1835886664,0.1653851183,0.2119772181,20
8,78,autocorrelation,0.1969953927,0.05639421739,0.1827818541,0.1670517686,0.2051073481,20
8,80,autocorrelation,0.1971823938,0.05722517767,0.1854329777,0.1682417688,0.2061163955,20
8,82,autocorrelation,0.1998139995,0.05533382888,0.1814061724,0.1706485307,0.2142580973,20
8,84,autocorrelation,0.2001244262,0.05766569851,0.1861664926,0.1631182015,0.2195389706,20
8,86,autocorrelation,0.1973296477,0.06390247479,0.1773073128,0.1617280113,0.2262234234,20
8,88,autocorrelation,0.1979082539,0.06406816735,0.1795377847,0.1543012811,0.2293999143,20
8,90,autocorrelation,0.2035308532,0.06341567305,0.181822999,0.1622847748,0.2280446174,20
8,92,autocorrelation,0.201414377,0.06812936205,0.1805138685,0.156136812,0.2331921646,20
8,94,autocorrelation,0.2027127553,0.06950549818,0.1825652862,0.1539191245,0.2382968756,20
8,96,autocorrelation,0.2046792221,0.07021120204,0.1886813182,0.1546690412,0.2431705115,20
8,98,autocorrelation,0.2061250911,0.07043917115,0.1829721686,0.157243671,0.2360710075,20
8,100,autocorrelation,0.2060741798,0.07262748783,0.1821767382,0.1621092559,0.2225355297,20
8,102,autocorrelation,0.2059709716,0.0779228424,0.1822365066,0.1621215094,0.2144975459,20
8,104,autocorrelation,0.2086649803,0.07965454598,0.1883185166,0.1654734093,0.2209490608,20
8,106,autocorrelation,0.2064853031,0.08046927139,0.1869421354,0.1602557347,0.2155097464,20
8,108,autocorrelation,0.2110301678,0.07758597253,0.1895321979,0.1620285991,0.224626719,20
8,110,autocorrelation,0.2071772346,0.07886544969,0.1994898976,0.154457055,0.2282974282,20
8,112,autocorrelation,0.2053951522,0.07609815525,0.2019470966,0.1531410332,0.2180404261,20
8,114,autocorrelation,0.2030131325,0.07603418827,0.1872631675,0.1592990896,0.2135689279,20
8,116,autocorrelation,0.1996249596,0.07461097196,0.1802242333,0.1506821673,0.2084298227,20
8,118,autocorrelation,0.1984529267,0.0755862257,0.1795095535,0.1486862811,0.2188377855,20
8,120,autocorrelation,0.199728168,0.07255961424,0.1819661049,0.1534864382,0.2118439616,20
8,122,autocorrelation,0.2012228217,0.0720136493,0.1846537757,0.1511855785,0.2239912993,20
8,124,autocorrelation,0.2003786488,0.07399316467,0.1700787214,0.1597756906,0.2150317547,20
8,126,autocorrelation,0.2061254974,0.07197971023,0.1814404749,0.1617212043,0.2267727937,20
8,128,autocorrelation,0.2094051411,0.07230287292,0.1837569238,0.1687284275,0.2201200376,20
8,130,autocorrelation,0.212439009,0.07125780434,0.1922020115,0.1660075308,0.2192181089,20
8,132,autocorrelation,0.2129484324,0.07281400021,0.1998275634,0.1641309688,0.2341146098,20
8,134,autocorrelation,0.2126917523,0.06903287844,0.1940663112,0.1689550259,0.2285883101,20
8,136,autocorrelation,0.2079921833,0.06971400073,0.189766943,0.1605275535,0.2236119139,20
8,138,autocorrelation,0.2043811963,0.07073145665,0.182865974,0.1612749525,0.2179578408,20
8,140,autocorrelation,0.2032895654,0.06958660409,0.1837733413,0.156005527,0.2116871927,20
8,142,autocorrelation,0.2053971465,0.06904931917,0.1838751666,0.1648636911,0.2155591242,20
8,144,autocorrelation,0.2016002442,0.07027928872,0.1827175081,0.1569886981,0.2116067706,20
8,146,autocorrelation,0.2020900048,0.07132409078,0.1779277203,0.1543115343,0.2156880505,20
8,148,autocorrelation,0.2046096437,0.0737083427,0.1891169261,0.1592714142,0.2234797882,20
8,150,autocorrelation,0.2060871162,0.07112301655,0.1899723558,0.1622573578,0.2290884115,20
8,152,autocorrelation,0.2031711071,0.07065593547,0.1805973073,0.1638061493,0.2225186102,20
8,154,autocorrelation,0.2015404592,0.07004496474,0.1729054639,0.1619038252,0.2286501296,20
8,156,autocorrelation,0.200708623,0.06931030128,0.1760546935,0.1565752468,0.2301774954,20
8,158,autocorrelation,0.2094171275,0.06633980501,0.1898449193,0.165681859,0.2301167434,20
8,160,autocorrelation,0.2100594359,0.06914406559,0.1884446758,0.1691446143,0.2396487226,20
8,162,autocorrelation,0.2052186679,0.06777195155,0.1807555966,0.1651100934,0.242889417,20
8,164,autocorrelation,0.2077378271,0.0672456597,0.1782647586,0.1630335654,0.2455075389,20
8,166,autocorrelation,0.2078918266,0.07014363188,0.1823334136,0.1577281179,0.2484410747,20
8,168,autocorrelation,0.2089455311,0.0700631705,0.1867338859,0.1614032753,0.2487998202,20
8,170,autocorrelation,0.2068487275,0.0711161895,0.1856827391,0.1596589153,0.2475163252,20
8,172,autocorrelation,0.2053456837,0.06956322418,0.1862844951,0.1578464993,0.2328468151,20
8,174,autocorrelation,0.2030286612,0.06848826797,0.1784258292,0.1603810859,0.2259852143,20
8,176,autocorrelation,0.1994456505,0.06883949718,0.1773366639,0.1561458995,0.219063279,20
8,178,autocorrelation,0.1991393122,0.07026189705,0.1774787927,0.1500507806,0.222592786,20
8,180,autocorrelation,0.2062303539,0.0703739787,0.1823283874,0.1651519242,0.2383185951,20
8,182,autocorrelation,0.2083830418,0.07027467505,0.1841124106,0.1676225452,0.2305846223,20
8,184,autocorrelation,0.2078110913,0.07342946333,0.192675334,0.1577705345,0.2355452665,20
8,186,autocorrelation,0.2101563998,0.07273843045,0.1789772324,0.1654033206,0.2338777853,20
8,188,autocorrelation,0.2107716305,0.07086697236,0.191265046,0.158638271,0.2298999701,20
8,190,autocorrelation,0.2092437417,0.06903499663,0.1876106061,0.1562451677,0.2273303644,20
8,192,autocorrelation,0.2058305734,0.07035713777,0.1795032859,0.1615375468,0.2297968731,20
8,194,autocorrelation,0.2064664621,0.07285665431,0.1839521527,0.150798368,0.2383084755,20
8,196,autocorrelation,0.2056740953,0.07085421233,0.1777950836,0.1610380537,0.2192671954,20
8,198,autocorrelation,0.2046071055,0.07365842008,0.187524219,0.1616421113,0.2216917594,20
8,200,autocorrelation,0.2088133176,0.07282028564,0.1925858655,0.1653153256,0.2211702834,20
8,202,autocorrelation,0.2062405704,0.07052355238,0.1876178466,0.1595425466,0.2237607192,20
8,204,autocorrelation,0.2061820761,0.06847157396,0.1944261646,0.1614045093,0.2210259399,20
8,206,autocorrelation,0.2066032675,0.06815704102,0.1919235424,0.1655077226,0.2175739544,20
8,208,autocorrelation,0.2078926289,0.06814203229,0.1882599359,0.163251423,0.2296037456,20
8,210,autocorrelation,0.2073832065,0.06882897673,0.1903331174,0.1539727568,0.2264115103,20
8,212,autocorrelation,0.2048030867,0.07011631933,0.180054571,0.1605877059,0.2225727619,20
8,214,autocorrelation,0.2022452473,0.06979401813,0.175898159,0.1557864505,0.2168512156,20
8,216,autocorrelation,0.2041404476,0.06922394033,0.1862729412,0.1558523328,0.21407,20
8,218,autocorrelation,0.2038703458,0.07189691521,0.1830511242,0.1584887403,0.2159421035,20
8,220,autocorrelation,0.1992521446,0.07342100723,0.1707118626,0.1550684117,0.2181350881,20
8,222,autocorrelation,0.2024900632,0.07261973892,0.1827385675,0.1654517198,0.2264433113,20
8,224,autocorrelation,0.2018976606,0.0707181072,0.1869450156,0.1592773328,0.2198561863,20
8,226,autocorrelation,0.2016349642,0.06903500451,0.1861178566,0.1678131486,0.2121810576,20
8,228,autocorrelation,0.2039872798,0.07106962698,0.1918635005,0.1625870605,0.2181844974,20
8,230,autocorrelation,0.2072323718,0.0710474005,0.1893382298,0.1517249612,0.2362845195,20
8,232,autocorrelation,0.2091841071,0.07221258084,0.2090164821,0.1520727364,0.2307643718,20
8,234,autocorrelation,0.2092504715,0.06961377574,0.2037208209,0.1563366133,0.2336157534,20
8,236,autocorrelation,0.2055467614,0.06826403879,0.1864978525,0.160912651,0.2420663987,20
8,238,autocorrelation,0.2070333711,0.0668736776,0.1835420361,0.168443804,0.2470936015,20
8,240,autocorrelation,0.2063528002,0.06858576031,0.1890854392,0.1560270463,0.239835535,20
8,242,autocorrelation,0.2067356488,0.06921153486,0.1899178498,0.1584144403,0.2310855579,20
8,244,autocorrelation,0.2064986395,0.06963970138,0.1851665959,0.1618458518,0.234230126,20
8,246,autocorrelation,0.205247901,0.07059444888,0.1848316261,0.162453333,0.237937196,20
8,248,autocorrelation,0.2042170872,0.07005816887,0.180795199,0.1601757459,0.2327802458,20
8,250,autocorrelation,0.2066468062,0.06887912212,0.1915036576,0.1617641182,0.2244137998,20
8,252,autocorrelation,0.2104386114,0.0701383007,0.1934291733,0.1638126684,0.2309771933,20
8,254,autocorrelation,0.2079321386,0.07154671602,0.1853771572,0.1624065624,0.2255553196,20
8,256,autocorrelation,0.2064939812,0.07319808506,0.1861258751,0.157581263,0.2355787198,20
8,258,autocorrelation,0.2043965647,0.07191217234,0.1704427825,0.1603311448,0.2269770066,20
8,260,autocorrelation,0.2052737863,0.07019161403,0.1764087681,0.1680496661,0.2221005022,20
8,262,autocorrelation,0.2072065293,0.0690350524,0.1830396894,0.1747163572,0.2138786095,20
8,264,autocorrelation,0.2094955598,0.07053929917,0.1917497658,0.1623488442,0.226442283,20
8,266,autocorrelation,0.2069615368,0.07361461447,0.1927439411,0.1585193182,0.2185634035,20
8,268,autocorrelation,0.2033115195,0.07685766956,0.1909081325,0.1569381966,0.2134292517,20
8,270,autocorrelation,0.2037634289,0.07900236538,0.1928549232,0.154377906,0.2061388521,20
8,272,autocorrelation,0.2051152061,0.08039239925,0.1856885827,0.1581758229,0.2097871515,20
8,274,autocorrelation,0.2019844451,0.08102289039,0.1907087052,0.1531420012,0.2088111297,20
8,276,autocorrelation,0.2025427745,0.08219051109,0.1810966405,0.1522981463,0.2149314286,20
8,278,autocorrelation,0.2031821273,0.08236511217,0.1790352468,0.1475891573,0.220510602,20
8,280,autocorrelation,0.204754517,0.08043946436,0.1756624204,0.1555083821,0.2185855981,20
8,282,autocorrelation,0.2047829345,0.0804885078,0.1708968004,0.150560914,0.2181839182,20
8,284,autocorrelation,0.2091512225,0.07906944108,0.1796390829,0.1575191779,0.2275427395,20
8,286,autocorrelation,0.2085415452,0.07687854783,0.1926373503,0.1579588674,0.2204398354,20
8,288,autocorrelation,0.2087139455,0.07501886972,0.184659885,0.1660134325,0.2254923852,20
8,290,autocorrelation,0.2065234665,0.07279826548,0.1806280191,0.1618441528,0.2243021026,20
8,292,autocorrelation,0.2022040707,0.07086250574,0.1790986049,0.1607802843,0.2119388447,20
8,294,autocorrelation,0.2018250276,0.07023052491,0.1863912457,0.1618524457,0.2112427507,20
8,296,autocorrelation,0.2030867921,0.06953136852,0.1800546018,0.1613347772,0.2235823587,20
8,298,autocorrelation,0.2009593528,0.0706994827,0.1788831831,0.1570884421,0.2299928776,20
8,300,autocorrelation,0.2038379549,0.06973800122,0.1899607867,0.163776885,0.2306901988,20
8,302,autocorrelation,0.204945904,0.07006790632,0.1854555908,0.1552955377,0.2323317525,20
8,304,autocorrelation,0.2026910587,0.06890007437,0.1821579639,0.157991978,0.2322585832,20
8,306,autocorrelation,0.2052753146,0.06729560205,0.1860122032,0.161816698,0.2421019087,20
8,308,autocorrelation,0.2105042121,0.06461705354,0.1932934653,0.1669019827,0.2394808595,20
8,310,autocorrelation,0.205580647,0.06584503191,0.1875425552,0.1586519773,0.243574033,20
8,312,autocorrelation,0.2063962178,0.06650863921,0.1936341126,0.1576009376,0.2453164022,20
8,314,autocorrelation,0.2039271099,0.06735322062,0.1946435005,0.1542627534,0.2406507798,20
8,316,autocorrelation,0.2026469059,0.07058276777,0.18364864,0.1508020285,0.2391937386,20
8,318,autocorrelation,0.2022794917,0.06937828201,0.182685271,0.1566435306,0.2286216792,20
8,320,autocorrelation,0.2011997814,0.06872753866,0.1906254834,0.1460695181,0.2326460402,20
8,322,autocorrelation,0.204267433,0.06895870617,0.1876778892,0.1525557526,0.2281398823,20
8,324,autocorrelation,0.2027491436,0.06935016425,0.1822444549,0.1539675393,0.22199298,20
8,326,autocorrelation,0.2025228373,0.07005478382,0.1778913366,0.1496433804,0.2278436852,20
8,328,autocorrelation,0.2032139489,0.06941361888,0.188479699,0.1510424732,0.2360903829,20
8,330,autocorrelation,0.2038072063,0.06999005286,0.1792958764,0.1521631411,0.236255913,20
8,332,autocorrelation,0.204986685,0.06958468038,0.187615927,0.1565920246,0.2336704398,20
8,334,autocorrelation,0.2063305906,0.06830058398,0.1854430687,0.1647393073,0.2363721087,20
8,336,autocorrelation,0.2081847216,0.06525166199,0.1882655692,0.1640399594,0.2350279746,20
8,338,autocorrelation,0.2052303808,0.06277967689,0.1879696885,0.1612414929,0.2272006716,20
8,340,autocorrelation,0.2030686361,0.06201371929,0.1825004357,0.1588614795,0.2248329756,20
8,342,autocorrelation,0.2063789753,0.0625835189,0.1853817566,0.1617955854,0.2431721332,20
8,344,autocorrelation,0.2053990727,0.06274963503,0.1842421333,0.1601495523,0.2247225942,20
8,346,autocorrelation,0.2019259324,0.06376105744,0.180412851,0.1549645434,0.2266420296,20
8,348,autocorrelation,0.2067383308,0.06297119566,0.1878286286,0.1610002456,0.2261196843,20
8,350,autocorrelation,0.2026803759,0.06533291121,0.1766177582,0.1621421057,0.2232996316,20
8,352,autocorrelation,0.2002922273,0.06641558128,0.17891377,0.1532785346,0.2190680827,20
8,354,autocorrelation,0.2019425352,0.06705531439,0.1810751357,0.1547715243,0.2274224216,20
8,356,autocorrelation,0.2012150641,0.06939363141,0.1811966606,0.1563601533,0.2244410044,20
8,358,autocorrelation,0.2013907891,0.07272230152,0.1766986543,0.1555603852,0.2196591665,20
8,360,autocorrelation,0.200133499,0.0737151512,0.1695352435,0.1554756337,0.2159349539,20
8,362,autocorrelation,0.1969836751,0.07286265348,0.1701776788,0.1548726053,0.2071343341,20
8,364,autocorrelation,0.1985524382,0.0722715649,0.1758908486,0.1526387244,0.2142555439,20
8,366,autocorrelation,0.2024807369,0.07116454954,0.1808967027,0.1558711438,0.2121132579,20
8,368,autocorrelation,0.2046319571,0.06689374752,0.1794925308,0.1679602877,0.2229312323,20
8,370,autocorrelation,0.2060934272,0.06360146083,0.1893635215,0.1677004404,0.2240373233,20
8,372,autocorrelation,0.2037277182,0.06385861618,0.1939152807,0.1576430175,0.2205212385,20
8,374,autocorrelation,0.2049805951,0.0652470126,0.1967628215,0.1580844495,0.2319191973,20
8,376,autocorrelation,0.2065879124,0.06547134323,0.1924532628,0.165451377,0.2233659043,20
8,378,autocorrelation,0.2057978038,0.06585887198,0.1879130036,0.1627201467,0.2199956734,20
8,380,autocorrelation,0.2062916669,0.0681208113,0.1830295863,0.1671421003,0.2257432108,20
8,382,autocorrelation,0.2073648318,0.0687392571,0.1830533346,0.1652250963,0.2420438771,20
8,384,autocorrelation,0.2068177776,0.06871727398,0.1834097049,0.1702269744,0.2429570478,20
8,386,autocorrelation,0.2089256329,0.06943122637,0.1917648167,0.1639631537,0.2430692521,20
8,388,autocorrelation,0.2100084072,0.06977285234,0.1841025977,0.1698812909,0.2548043723,20
8,390,autocorrelation,0.2072916105,0.07104397963,0.1898142562,0.1658306826,0.2410069806,20
8,392,autocorrelation,0.2039445384,0.06991165153,0.1783148485,0.1587924797,0.2282930328,20
8,394,autocorrelation,0.2031796729,0.07041793289,0.1730075126,0.1628705015,0.2266094701,20
8,396,autocorrelation,0.2032131872,0.07058563882,0.1773057979,0.1604692585,0.2192793936,20
8,398,autocorrelation,0.2049284015,0.07213303943,0.1825537631,0.1546427539,0.2275951796,20
8,400,autocorrelation,0.2073732344,0.07510123219,0.1854652984,0.1586284565,0.2318484154,20
9,0,autocorrelation,1,2.615848622e-15,1,1,1,15
9,2,autocorrelation,0.6590582083,0.1346906344,0.6946783625,0.554075447,0.7669996752,15
9,4,autocorrelation,0.4586060946,0.1717462178,0.4678740108,0.3170688726,0.6126861151,15
9,6,autocorrelation,0.3437181019,0.1717330263,0.3201373025,0.1972762373,0.5016321883,15
9,8,autocorrelation,0.2743990822,0.1569555583,0.2213587323,0.1384032305,0.4155058636,15
9,10,autocorrelation,0.2299161319,0.1395020532,0.1704974057,0.1164853697,0.3448437308,15
9,12,autocorrelation,0.2001972757,0.1241717918,0.1400935977,0.1131701906,0.2906664705,15
9,14,autocorrelation,0.1798857674,0.1120867373,0.121387367,0.1073657804,0.2481950092,15
9,16,autocorrelation,0.1654213633,0.1011281344,0.1145957676,0.09897873542,0.2128359248,15
9,18,autocorrelation,0.1547081494,0.09182847935,0.119099537,0.09438021884,0.1872913886,15
9,20,autocorrelation,0.1471720659,0.08385191892,0.1171887905,0.09562933118,0.168229381,15
9,22,autocorrelation,0.1408138108,0.07826397295,0.1138350543,0.09648975558,0.1531515935,15
9,24,autocorrelation,0.1372930066,0.07353002623,0.1130278975,0.0968507084,0.1401809868,15
9,26,autocorrelation,0.1347354304,0.07002164563,0.1134026182,0.09601451918,0.1362337047,15
9,28,autocorrelation,0.1339307137,0.066368302,0.1140565897,0.0995971328,0.1347020382,15
9,30,autocorrelation,0.1319736678,0.06363436831,0.1108212677,0.1026304714,0.1316596184,15
9,32,autocorrelation,0.1315163723,0.06130095059,0.1134526138,0.09911119972,0.127890518,15
9,34,autocorrelation,0.1310669478,0.05836675743,0.1109787256,0.09992245925,0.126699852,15
9,36,autocorrelation,0.1286600603,0.05709972928,0.1139302349,0.09578744404,0.1267897682,15
9,38,autocorrelation,0.1297496307,0.05373008776,0.1132929736,0.1027228597,0.1295351589,15
9,40,autocorrelation,0.1283552792,0.05318209696,0.1137766583,0.09816325257,0.1277470095,15
9,42,autocorrelation,0.1290788285,0.05172049374,0.1119948544,0.09815063451,0.1337786031,15
9,44,autocorrelation,0.1297141145,0.05056352921,0.112600436,0.09935534462,0.1385250237,15
9,46,autocorrelation,0.1302473692,0.05017924427,0.1121583842,0.0992961989,0.1396455103,15
9,48,autocorrelation,0.1321450734,0.04962233467,0.1172771554,0.1033472085,0.1413851827,15
9,50,autocorrelation,0.1325993609,0.05007107519,0.1162444261,0.1010723883,0.1458772135,15
9,52,autocorrelation,0.1329665937,0.05015909308,0.1115119812,0.1037293935,0.1466712116,15
9,54,autocorrelation,0.1327221064,0.05118646237,0.1175396458,0.103512766,0.1433983781,15
9,56,autocorrelation,0.1333890366,0.05025766099,0.1211716467,0.1018185141,0.1420653871,15
9,58,autocorrelation,0.1353521464,0.04965684397,0.1220100646,0.1054230764,0.1438688981,15
9,60,autocorrelation,0.1361259124,0.05008648435,0.1195464994,0.1056248947,0.1457806717,15
9,62,autocorrelation,0.1380487479,0.05063444864,0.1221200181,0.1079582019,0.149839181,15
9,64,autocorrelation,0.1379552299,0.05151472787,0.119697064,0.1047066663,0.1525054251,15
9,66,autocorrelation,0.1395737855,0.05164581418,0.1220039827,0.1050002925,0.1555708719,15
9,68,autocorrelation,0.1406730903,0.05194321911,0.1190387224,0.1094979727,0.1574492841,15
9,70,autocorrelation,0.1418624415,0.05265445601,0.1210981744,0.1110858404,0.1565832648,15
9,72,autocorrelation,0.1433050328,0.05287976695,0.1239016799,0.1117129227,0.1593528526,15
9,74,autocorrelation,0.1429278901,0.05227927563,0.1242420206,0.1117933477,0.1571954756,15
9,76,autocorrelation,0.1391754981,0.05351046815,0.121563682,0.1053845795,0.1531848821,15
9,78,autocorrelation,0.1412933576,0.05403100998,0.1218356793,0.1103941918,0.1564936171,15
9,80,autocorrelation,0.1442839494,0.05347489555,0.1255262675,0.1120728206,0.154053227,15
9,82,autocorrelation,0.1441290719,0.05378373482,0.1234963111,0.1124741417,0.1554136394,15
9,84,autocorrelation,0.145951549,0.05371897708,0.1273461835,0.1163010199,0.1605366236,15
9,86,autocorrelation,0.1476592215,0.05446731192,0.130180315,0.1162729643,0.1588486889,15
9,88,autocorrelation,0.1487704613,0.05501277728,0.1365222524,0.1131939117,0.1579531446,15
9,90,autocorrelation,0.1501666187,0.05524160662,0.1344315841,0.1135110823,0.1670878662,15
9,92,autocorrelation,0.151984907,0.05464798437,0.1352136389,0.1164886609,0.1707433088,15
9,94,autocorrelation,0.1518737628,0.05589974284,0.1327725251,0.1141797202,0.1728601203,15
9,96,autocorrelation,0.1527640005,0.05770485369,0.1320073374,0.1130198089,0.1742398772,15
9,98,autocorrelation,0.1538284482,0.05839815469,0.1373271736,0.11304247,0.1746401946,15
9,100,autocorrelation,0.1545346328,0.05966769846,0.1390815287,0.1174648786,0.1785029105,15
9,102,autocorrelation,0.1562194391,0.06034844714,0.1391274192,0.117132804,0.1802949537,15
9,104,autocorrelation,0.1567522384,0.06188656655,0.1377003402,0.1191146034,0.1792047101,15
9,106,autocorrelation,0.1571429756,0.06228838046,0.1385794171,0.1198764619,0.1774702507,15
9,108,autocorrelation,0.1587896544,0.06222993606,0.1461266125,0.1220781782,0.174635741,15
9,110,autocorrelation,0.1579103029,0.06350172106,0.1424193189,0.1209510004,0.175553642,15
9,112,autocorrelation,0.158641957,0.06427347513,0.1378559006,0.1239641781,0.1783010827,15
9,114,autocorrelation,0.1594772611,0.06497614987,0.1391687808,0.1200163531,0.179845185,15
9,116,autocorrelation,0.1621826721,0.06544835904,0.1419057729,0.1199650293,0.1826652993,15
9,118,autocorrelation,0.1639783209,0.06509452374,0.1471636588,0.1236104964,0.1859311382,15
9,120,autocorrelation,0.1653871957,0.06611111829,0.1464964421,0.1236958636,0.1910905685,15
9,122,autocorrelation,0.1667238616,0.06687596792,0.1369664123,0.125832938,0.1962975217,15
9,124,autocorrelation,0.1671498528,0.06752490645,0.1409726479,0.1250775878,0.2001579262,15
9,126,autocorrelation,0.1670629295,0.06678138204,0.1421415838,0.1239441685,0.197568043,15
9,128,autocorrelation,0.1687310708,0.0629015515,0.1494410923,0.1248700565,0.2003449341,15
9,130,autocorrelation,0.1679080507,0.06322165226,0.1497931208,0.1275587102,0.1966100094,15
9,132,autocorrelation,0.1672108804,0.0628358867,0.1527686962,0.1274479276,0.1978690451,15
9,134,autocorrelation,0.1676334846,0.06301150894,0.1492293112,0.1283621837,0.2006840732,15
9,136,autocorrelation,0.164344468,0.06495352399,0.146479215,0.1249210012,0.197729925,15
9,138,autocorrelation,0.1641187652,0.06618362399,0.1446581959,0.1239555978,0.196313989,15
9,140,autocorrelation,0.1611134149,0.06741431188,0.1461015946,0.1195314357,0.1906209925,15
9,142,autocorrelation,0.1603032171,0.06775125378,0.1415727295,0.1178890006,0.1874854122,15
9,144,autocorrelation,0.1600060377,0.06840313637,0.1285140123,0.1201256551,0.1849255013,15
9,146,autocorrelation,0.158772591,0.06927780676,0.1237324134,0.117273902,0.1855099834,15
9,148,autocorrelation,0.1592631917,0.06892114603,0.1356624668,0.1154072062,0.1844736778,15
9,150,autocorrelation,0.1594602932,0.06881337423,0.1341582652,0.1177023257,0.1851902698,15
9,152,autocorrelation,0.1584812367,0.06941642912,0.1290497851,0.1140012409,0.1852139791,15
9,154,autocorrelation,0.1577899362,0.06934838285,0.1311837497,0.1142983433,0.180443422,15
9,156,autocorrelation,0.1586013739,0.06945501205,0.1296405681,0.1168959777,0.1749368146,15
9,158,autocorrelation,0.1589829486,0.06952631727,0.1344071664,0.1158772178,0.1682312346,15
9,160,autocorrelation,0.1592655329,0.06882809561,0.1368543623,0.1198225239,0.1639813018,15
9,162,autocorrelation,0.1588375422,0.0692573923,0.1394211125,0.1167843629,0.1634112102,15
9,164,autocorrelation,0.1605344058,0.06874751695,0.142610296,0.1172575581,0.1652891792,15
9,166,autocorrelation,0.1611798321,0.06927607476,0.131866517,0.1224740889,0.1682493816,15
9,168,autocorrelation,0.1603770137,0.07068056139,0.1392613425,0.1223512004,0.1724297233,15
9,170,autocorrelation,0.1610199985,0.07081801855,0.1377018977,0.1244754703,0.172587897,15
9,172,autocorrelation,0.1633037391,0.07074400919,0.1442004814,0.1238336848,0.176500404,15
9,174,autocorrelation,0.1618656161,0.07292217228,0.1459728001,0.1223662133,0.1775402633,15
9,176,autocorrelation,0.1628785128,0.0749041429,0.1438552305,0.1232701792,0.1778524762,15
9,178,autocorrelation,0.1638099825,0.07602731904,0.1351640391,0.1196703563,0.1796814024,15
9,180,autocorrelation,0.1650727934,0.07610429147,0.1336438539,0.1219795085,0.1810374207,15
9,182,autocorrelation,0.1628248962,0.0769565081,0.1342169264,0.1212476282,0.178229167,15
9,184,autocorrelation,0.1628585524,0.07559725261,0.1366101591,0.1173305231,0.1765464571,15
9,186,autocorrelation,0.1633412905,0.07405034141,0.1303009663,0.1180371788,0.1766244092,15
9,188,autocorrelation,0.163600434,0.07184652624,0.1376806596,0.1164042081,0.1786655738,15
9,190,autocorrelation,0.162623241,0.06994023155,0.1364068809,0.1203153439,0.1776113911,15
9,192,autocorrelation,0.1650033716,0.06940663143,0.1379890061,0.1229584574,0.1828759423,15
9,194,autocorrelation,0.164515088,0.07042561727,0.1352493956,0.1172049702,0.1854971894,15
9,196,autocorrelation,0.1636190571,0.07163861503,0.1379144526,0.1121792381,0.1840683489,15
9,198,autocorrelation,0.1656457585,0.0707120961,0.1458029321,0.120634876,0.1862311222,15
9,200,autocorrelation,0.1652714927,0.06861339418,0.1485754385,0.1180567033,0.1833577833,15
9,202,autocorrelation,0.1656873695,0.06770121901,0.1512685961,0.1199537001,0.1824893427,15
9,204,autocorrelation,0.1645949595,0.06730037718,0.1462680885,0.1222809969,0.1810400047,15
9,206,autocorrelation,0.1628949866,0.068309817,0.1506226368,0.1171747772,0.1863869697,15
9,208,autocorrelation,0.1623926565,0.06649700413,0.1447403219,0.1168739519,0.1861616178,15
9,210,autocorrelation,0.1619801995,0.06556947294,0.1406339649,0.1184532722,0.1882214436,15
9,212,autocorrelation,0.1591562702,0.06588452074,0.1274468614,0.1183966182,0.1902182436,15
9,214,autocorrelation,0.1571992637,0.0670362268,0.1245535637,0.1168006824,0.1950581401,15
9,216,autocorrelation,0.1579693065,0.065084964,0.1281336378,0.1159995766,0.1965023124,15
9,218,autocorrelation,0.1594365032,0.06303934725,0.125178399,0.1195602545,0.1963517827,15
9,220,autocorrelation,0.160025515,0.06247591463,0.129297928,0.1240264241,0.1955507482,15
9,222,autocorrelation,0.1596884852,0.06128052593,0.1292501481,0.1190450345,0.1937410351,15
9,224,autocorrelation,0.1584448609,0.06201730566,0.1340630178,0.1187859371,0.191752912,15
9,226,autocorrelation,0.1572686194,0.06210262736,0.1298110455,0.1197848204,0.1877056936,15
9,228,autocorrelation,0.1568863735,0.061076734,0.1269971536,0.1190103007,0.1907586255,15
9,230,autocorrelation,0.1564459042,0.06142259759,0.1272678399,0.1163404983,0.1926783358,15
9,232,autocorrelation,0.1578508312,0.06141771401,0.1332882957,0.1152310547,0.1954645734,15
9,234,autocorrelation,0.1573116337,0.06237226638,0.1394043037,0.1139367948,0.1879881129,15
9,236,autocorrelation,0.1588925864,0.06215017335,0.1397293712,0.1177092193,0.1880645393,15
9,238,autocorrelation,0.1595465688,0.06353821624,0.1391400558,0.1204847502,0.1857998765,15
9,240,autocorrelation,0.1589858626,0.06463802121,0.1376762606,0.1194721661,0.1815449367,15
9,242,autocorrelation,0.1588566342,0.06478078387,0.1389334858,0.1193637885,0.1802018359,15
9,244,autocorrelation,0.1586716962,0.06544858862,0.1391132923,0.1225853692,0.1789739456,15
9,246,autocorrelation,0.1598102033,0.06600091557,0.1398920677,0.1183382501,0.1821955606,15
9,248,autocorrelation,0.1615693537,0.06676674984,0.1432824155,0.1216310956,0.1829502514,15
9,250,autocorrelation,0.1625131622,0.06547184178,0.142601206,0.1219362055,0.1839000958,15
9,252,autocorrelation,0.1638720915,0.06440103138,0.1439284994,0.1233840063,0.1829756064,15
9,254,autocorrelation,0.1629214124,0.06292829718,0.1414234074,0.1213346111,0.1838341084,15
9,256,autocorrelation,0.1635312415,0.06378713727,0.141775016,0.1227489848,0.1861016776,15
9,258,autocorrelation,0.1640714451,0.06459172436,0.1438954081,0.1249925141,0.1869271951,15
9,260,autocorrelation,0.1631032205,0.06633514254,0.1416455055,0.1188863679,0.1866595312,15
9,262,autocorrelation,0.163953882,0.06729551664,0.1322324375,0.1233836669,0.1864687361,15
9,264,autocorrelation,0.1641256451,0.06781166529,0.1355860046,0.1225648045,0.1875732294,15
9,266,autocorrelation,0.1661880242,0.06676088324,0.1428274871,0.1256831389,0.1939589687,15
9,268,autocorrelation,0.164388,0.06781777944,0.1353129301,0.1261323812,0.1983382767,15
9,270,autocorrelation,0.1644395693,0.06791118542,0.1400046489,0.125094787,0.1923085036,15
9,272,autocorrelation,0.1645752504,0.06799641116,0.1461685151,0.1275919893,0.1920810032,15
9,274,autocorrelation,0.1655238416,0.06754273231,0.1441560727,0.1267522633,0.1901888965,15
9,276,autocorrelation,0.1633065451,0.06831779507,0.1359229004,0.1223653585,0.1910752867,15
9,278,autocorrelation,0.163483923,0.06816154257,0.1348711112,0.1264418469,0.1926470405,15
9,280,autocorrelation,0.1642826642,0.06936436946,0.1385348413,0.1297245173,0.1921133696,15
9,282,autocorrelation,0.1663836069,0.06850946324,0.14294928,0.1234184611,0.1920958099,15
9,284,autocorrelation,0.1679411365,0.06791354217,0.149219465,0.1242803109,0.191521292,15
9,286,autocorrelation,0.1682100845,0.0683597209,0.1523622972,0.1285595327,0.1892935986,15
9,288,autocorrelation,0.1668712978,0.0679564119,0.1483391508,0.1279244447,0.1860408744,15
9,290,autocorrelation,0.1652799677,0.06870766101,0.1459210152,0.1232525576,0.1843832122,15
9,292,autocorrelation,0.1636547376,0.07102355407,0.1525067161,0.1165283066,0.183638763,15
9,294,autocorrelation,0.1660252781,0.07028128682,0.1508124184,0.1232151068,0.1907410056,15
9,296,autocorrelation,0.1672684932,0.07092461452,0.1494377397,0.1213195747,0.1912154743,15
9,298,autocorrelation,0.1679602691,0.07068963543,0.1422387095,0.127950383,0.1902334959,15
9,300,autocorrelation,0.166678438,0.07236893513,0.1434849291,0.1224110113,0.1920582293,15
9,302,autocorrelation,0.1696900578,0.07008663688,0.1436025765,0.1312481539,0.1951450451,15
9,304,autocorrelation,0.1696519238,0.07010524811,0.1471082049,0.1265840104,0.1998711013,15
9,306,autocorrelation,0.1685163634,0.06953793099,0.147767071,0.1307589022,0.1971539005,15
9,308,autocorrelation,0.1678751343,0.06717386078,0.1493098972,0.1338577955,0.1913591466,15
9,310,autocorrelation,0.1664651265,0.06621470063,0.1465823809,0.1275130238,0.1890452452,15
9,312,autocorrelation,0.1636247388,0.06552619452,0.1419193041,0.1269991894,0.1841864751,15
9,314,autocorrelation,0.1632480683,0.06477281183,0.137786643,0.1263060546,0.1831937217,15
9,316,autocorrelation,0.1618067199,0.06522078551,0.1369851933,0.1216101936,0.1846321905,15
9,318,autocorrelation,0.1603219512,0.06603315238,0.1296638424,0.1222474847,0.1839304405,15
9,320,autocorrelation,0.1600720861,0.06684816208,0.130084945,0.1225213641,0.1876437963,15
9,322,autocorrelation,0.1605057409,0.06628645849,0.1326183081,0.121558918,0.1925876071,15
9,324,autocorrelation,0.158665721,0.06698373228,0.1289663796,0.1171499754,0.1932003406,15
9,326,autocorrelation,0.1596395265,0.06744192976,0.125270191,0.1190127184,0.1917056086,15
9,328,autocorrelation,0.1588436037,0.06903986214,0.1310103726,0.1218717507,0.1905911558,15
9,330,autocorrelation,0.1586392283,0.07019324769,0.1284315912,0.113756331,0.1887498656,15
9,332,autocorrelation,0.1592255362,0.07097863067,0.13149988,0.117810371,0.1845600928,15
9,334,autocorrelation,0.1600058676,0.07015153652,0.1321884147,0.1220249158,0.1821916768,15
9,336,autocorrelation,0.1616125902,0.0687865809,0.135056546,0.1233239399,0.1838251395,15
9,338,autocorrelation,0.1609996003,0.06837963334,0.132351258,0.1195168284,0.1845912129,15
9,340,autocorrelation,0.1610475471,0.06863140506,0.1363507087,0.1175767748,0.1842867656,15
9,342,autocorrelation,0.1596542381,0.07012255921,0.1269123227,0.1184299483,0.1887857682,15
9,344,autocorrelation,0.1604313738,0.06885676598,0.1373537482,0.1197196449,0.191112787,15
9,346,autocorrelation,0.1615974649,0.06834169311,0.1331540622,0.1182232809,0.1920025704,15
9,348,autocorrelation,0.162730725,0.06899404475,0.1319358524,0.1211187289,0.1983811594,15
9,350,autocorrelation,0.1649470764,0.06933305736,0.1285170371,0.1208488258,0.2051120962,15
9,352,autocorrelation,0.1660081492,0.06999701064,0.1334478457,0.1199064672,0.2148387135,15
9,354,autocorrelation,0.1666738474,0.06970590871,0.1355426412,0.123028073,0.21735306,15
9,356,autocorrelation,0.167297383,0.06787376047,0.1386862435,0.1179739647,0.215460252,15
9,358,autocorrelation,0.1697190076,0.06620008825,0.1461906057,0.1245754668,0.2166701036,15
9,360,autocorrelation,0.168461674,0.06596091783,0.1501519147,0.1222294435,0.2120779133,15
9,362,autocorrelation,0.165728231,0.06649333336,0.1443262356,0.1216326187,0.2039903507,15
9,364,autocorrelation,0.1674755555,0.06556998333,0.1451675008,0.1221256719,0.2021524758,15
9,366,autocorrelation,0.1686242169,0.06484281312,0.151089385,0.1221908485,0.1945008142,15
9,368,autocorrelation,0.1670750965,0.06539093763,0.153078951,0.1253586035,0.1888372286,15
9,370,autocorrelation,0.1666255608,0.06509581372,0.1481916901,0.127292673,0.1872125955,15
9,372,autocorrelation,0.1668741693,0.06771684906,0.1468896168,0.1254392261,0.1882327667,15
9,374,autocorrelation,0.166905682,0.06877905116,0.1513842398,0.1222966197,0.1878439586,15
9,376,autocorrelation,0.1677484582,0.0695535761,0.147093711,0.1248579587,0.1873519991,15
9,378,autocorrelation,0.1702247814,0.0688806467,0.1428660981,0.1245869956,0.1895915318,15
9,380,autocorrelation,0.1718379323,0.07091900875,0.1458495451,0.1228248783,0.1940712765,15
9,382,autocorrelation,0.1705211197,0.07358790448,0.1437475174,0.1202214518,0.1960663655,15
9,384,autocorrelation,0.1701607031,0.07742053841,0.1422332286,0.1190583543,0.2009854356,15
9,386,autocorrelation,0.1714900062,0.078385289,0.1484059063,0.1205952359,0.2022373361,15
9,388,autocorrelation,0.1722896055,0.07723294864,0.1498822421,0.1250134137,0.2017843391,15
9,390,autocorrelation,0.1714578565,0.07707075878,0.1425776001,0.1287263733,0.1948521245,15
9,392,autocorrelation,0.1709123781,0.07668972637,0.1408964516,0.1241553948,0.1932503706,15
9,394,autocorrelation,0.1688097618,0.07741152223,0.1382067753,0.1278362397,0.1916858605,15
9,396,autocorrelation,0.1696464554,0.07645554345,0.1448760673,0.126911094,0.1931455044,15
9,398,autocorrelation,0.1673765599,0.07554253526,0.139295375,0.1248962313,0.1919842032,15
9,400,autocorrelation,0.165962215,0.07561555887,0.1389573256,0.1242325674,0.1943703191,15
10,0,autocorrelation,1,9.095099287e-16,1,1,1,10
10,2,autocorrelation,0.6767152032,0.1487872648,0.6964220529,0.5448413657,0.7922537736,10
10,4,autocorrelation,0.4835542773,0.2022891428,0.4937869952,0.3090364915,0.6325602382,10
10,6,autocorrelation,0.3661994483,0.2108081137,0.3611874993,0.1782980817,0.5087627682,10
10,8,autocorrelation,0.2916567942,0.2009517411,0.2690266535,0.1142073113,0.412724307,10
10,10,autocorrelation,0.2440789289,0.1824783063,0.2017439663,0.08532932647,0.3386544075,10
10,12,autocorrelation,0.210938397,0.1649003367,0.1540713607,0.08228265971,0.2810581552,10
10,14,autocorrelation,0.1857065656,0.1498795447,0.1217963487,0.07924287347,0.2356102246,10
10,16,autocorrelation,0.1680579893,0.136317941,0.1059686777,0.07730638027,0.2001949157,10
10,18,autocorrelation,0.1534150982,0.1247371138,0.09414386431,0.076478372,0.1715345514,10
10,20,autocorrelation,0.1433051047,0.1141216175,0.08923626949,0.078540676,0.1485393343,10
10,22,autocorrelation,0.1348331587,0.1052137699,0.08715969879,0.0774962092,0.1309028415,10
10,24,autocorrelation,0.1287959883,0.0969612181,0.08587075543,0.07719161208,0.1194192699,10
10,26,autocorrelation,0.124869109,0.0892878074,0.08889951548,0.07652920691,0.1145108638,10
10,28,autocorrelation,0.1217524684,0.08247089069,0.08839625016,0.07897690831,0.11264185,10
10,30,autocorrelation,0.1189583369,0.07658656272,0.0890482667,0.07880612901,0.1099809411,10
10,32,autocorrelation,0.1165903508,0.07174931429,0.08898724452,0.07930969361,0.1080812644,10
10,34,autocorrelation,0.1147901849,0.06705571192,0.09033656046,0.07951029935,0.1079424187,10
10,36,autocorrelation,0.1138581716,0.06293432492,0.09024035318,0.08312318019,0.1052949355,10
10,38,autocorrelation,0.1125889871,0.05901794573,0.09068737132,0.07941988198,0.105036088,10
10,40,autocorrelation,0.1103937327,0.05541376526,0.09158740397,0.07943337074,0.1042330997,10
10,42,autocorrelation,0.1095457814,0.05189644085,0.09119273968,0.08010435359,0.1029179467,10
10,44,autocorrelation,0.1083880748,0.04966017951,0.09273373404,0.07872418287,0.1053747722,10
10,46,autocorrelation,0.106481744,0.04723475445,0.09136110925,0.07791734389,0.103588298,10
10,48,autocorrelation,0.1058751231,0.04516545861,0.09113347285,0.07790189293,0.1050203931,10
10,50,autocorrelation,0.1048954657,0.04284450365,0.09023339198,0.07935703515,0.1061398633,10
10,52,autocorrelation,0.1037068019,0.04072285407,0.09016398871,0.07872521878,0.1030846915,10
10,54,autocorrelation,0.1035758174,0.03977809498,0.09052523082,0.07915395643,0.1053601975,10
10,56,autocorrelation,0.1025289481,0.03911237802,0.08944843755,0.07833630005,0.1056329684,10
10,58,autocorrelation,0.1026837102,0.03787141358,0.09028509929,0.07863848189,0.10516245,10
10,60,autocorrelation,0.1033939161,0.03623503997,0.09198865413,0.07940836697,0.1054574209,10
10,62,autocorrelation,0.1028719388,0.03527441595,0.09178306183,0.0798557464,0.105613842,10
10,64,autocorrelation,0.1027152587,0.03460880293,0.0921170402,0.0813268269,0.1048490077,10
10,66,autocorrelation,0.1023311781,0.03419551561,0.09238732624,0.08006639014,0.1042301634,10
10,68,autocorrelation,0.1021906494,0.03316557172,0.09198977651,0.08167959506,0.1043683101,10
10,70,autocorrelation,0.1026376028,0.03288617185,0.09250727681,0.0820468093,0.1046850954,10
10,72,autocorrelation,0.1027038642,0.03246826251,0.0913138919,0.08057866128,0.107034733,10
10,74,autocorrelation,0.1030244478,0.03258492891,0.09084477704,0.08102901541,0.1076168677,10
10,76,autocorrelation,0.1032307102,0.03245600283,0.09239538978,0.08007508457,0.10826213,10
10,78,autocorrelation,0.1032130676,0.03144158399,0.09306934013,0.08250363109,0.1065562936,10
10,80,autocorrelation,0.1026387797,0.03159735212,0.09172757139,0.0826570488,0.1067313145,10
10,82,autocorrelation,0.1022385308,0.03121349737,0.09222772582,0.08236518611,0.1051957026,10
10,84,autocorrelation,0.1022259561,0.03130365008,0.09065447996,0.08238675644,0.1069843987,10
10,86,autocorrelation,0.1015949833,0.03150780488,0.09065717798,0.0816339381,0.1033533219,10
10,88,autocorrelation,0.103297357,0.03129821723,0.09407834859,0.08368471836,0.1054086804,10
10,90,autocorrelation,0.102815718,0.03250065001,0.09198720115,0.08182746183,0.1075937427,10
10,92,autocorrelation,0.1027099067,0.03343104012,0.09180803529,0.08129720234,0.1056869307,10
10,94,autocorrelation,0.1037208486,0.03240631366,0.09156298169,0.08319391906,0.1065997241,10
10,96,autocorrelation,0.1041855303,0.03231556639,0.09420723508,0.0819871778,0.1073212501,10
10,98,autocorrelation,0.1040442751,0.03256306457,0.09684889593,0.08133656579,0.10583813,10
10,100,autocorrelation,0.1041340935,0.03300446445,0.09776427101,0.07969382942,0.1089255878,10
10,102,autocorrelation,0.1041897617,0.03336776802,0.09379414554,0.08148205893,0.1082664626,10
10,104,autocorrelation,0.1041766819,0.03381740957,0.09530485641,0.08027421874,0.1096532409,10
10,106,autocorrelation,0.104859725,0.03442515558,0.0991282557,0.0801650464,0.1088995563,10
10,108,autocorrelation,0.1042204392,0.0349494311,0.09598645516,0.07925513035,0.109267953,10
10,110,autocorrelation,0.105751398,0.03520490835,0.09520307142,0.08226706757,0.1112022063,10
10,112,autocorrelation,0.1054844617,0.03570226787,0.0928097782,0.08073684042,0.1120320106,10
10,114,autocorrelation,0.1058826614,0.03597973783,0.09257379577,0.08392460303,0.1131371877,10
10,116,autocorrelation,0.1065285357,0.03637748774,0.09370522518,0.0830925323,0.1138741945,10
10,118,autocorrelation,0.1074482356,0.03598982005,0.09567686565,0.08190078481,0.1155683006,10
10,120,autocorrelation,0.1082530207,0.03618436311,0.09654706026,0.08380216788,0.1170466357,10
10,122,autocorrelation,0.1077753588,0.03643415463,0.09467704441,0.08366979223,0.1177758266,10
10,124,autocorrelation,0.1077345354,0.03575964975,0.09693598536,0.08226577849,0.1159291581,10
10,126,autocorrelation,0.1079336209,0.03505276996,0.09787115185,0.08326990911,0.1134456125,10
10,128,autocorrelation,0.1071310501,0.03579976744,0.09844885809,0.08061789092,0.1115882979,10
10,130,autocorrelation,0.1084462463,0.03581190732,0.09735286647,0.08262259839,0.1137750458,10
10,132,autocorrelation,0.1076408875,0.0362875788,0.09481374597,0.08191691206,0.1139779645,10
10,134,autocorrelation,0.1086416882,0.0356310995,0.09792198714,0.08384827648,0.113791341,10
10,136,autocorrelation,0.1092980022,0.03552848297,0.09951333165,0.08284988497,0.114935672,10
10,138,autocorrelation,0.1104507103,0.03490247554,0.1021557708,0.0856464167,0.1145742808,10
10,140,autocorrelation,0.1103370658,0.03565428942,0.1007632531,0.0853131034,0.116612129,10
10,142,autocorrelation,0.1098105028,0.03615380346,0.09569977746,0.08520296104,0.1178238149,10
10,144,autocorrelation,0.1108502259,0.03686692677,0.09871251802,0.08336931909,0.1184554466,10
10,146,autocorrelation,0.1102902171,0.03707388521,0.09837305161,0.08133590913,0.1204251394,10
10,148,autocorrelation,0.1112641292,0.03740323457,0.09976226792,0.08321708142,0.1216851978,10
10,150,autocorrelation,0.1115896567,0.03814609679,0.09912183817,0.08248774347,0.1227865401,10
10,152,autocorrelation,0.111030531,0.0383889519,0.09636370321,0.08363286081,0.1224761088,10
10,154,autocorrelation,0.1114043069,0.03824788214,0.09678645584,0.0840555687,0.1210908799,10
10,156,autocorrelation,0.1120804872,0.03811000059,0.09831612528,0.0841913964,0.1194338309,10
10,158,autocorrelation,0.111415519,0.03964761255,0.09651837743,0.08273585334,0.1191642498,10
10,160,autocorrelation,0.1135646177,0.04036824797,0.09804328552,0.08437040977,0.1197676429,10
10,162,autocorrelation,0.1150918804,0.04042957307,0.09994854598,0.08578504297,0.1204115164,10
10,164,autocorrelation,0.1161251411,0.04214579767,0.1000753742,0.08484701138,0.1248420436,10
10,166,autocorrelation,0.1162069942,0.04396955797,0.09814069765,0.08323466976,0.1271325724,10
10,168,autocorrelation,0.1162335481,0.04487460878,0.09693701726,0.0840327929,0.128157569,10
10,170,autocorrelation,0.1160052042,0.04513384181,0.09761169161,0.08547343397,0.1256386575,10
10,172,autocorrelation,0.1167669591,0.04467013136,0.10026007,0.08426778386,0.126490332,10
10,174,autocorrelation,0.1169795233,0.04554351097,0.09982521246,0.08395538754,0.1298529918,10
10,176,autocorrelation,0.1186277893,0.04557480984,0.1017209616,0.08797712828,0.1309756937,10
10,178,autocorrelation,0.1187285652,0.04710631898,0.1032850575,0.08370532291,0.133040302,10
10,180,autocorrelation,0.1197013363,0.04746900938,0.1037788354,0.08614326459,0.1344073296,10
10,182,autocorrelation,0.1198211928,0.0478365396,0.1062886942,0.08468275457,0.1334530547,10
10,184,autocorrelation,0.1202271507,0.04840808455,0.1053270792,0.08492400193,0.1315620977,10
10,186,autocorrelation,0.121061498,0.04871221945,0.1047494051,0.08612633102,0.1300180071,10
10,188,autocorrelation,0.1205944551,0.04996129266,0.1046484652,0.08455618772,0.1279543457,10
10,190,autocorrelation,0.1199938329,0.04956739863,0.1015193271,0.08545104249,0.1270768268,10
10,192,autocorrelation,0.1185230526,0.05036747016,0.1005253736,0.08413932221,0.1259408517,10
10,194,autocorrelation,0.119189374,0.04902845655,0.1028104622,0.0846474948,0.1278473623,10
10,196,autocorrelation,0.1190173103,0.04831060744,0.1008085369,0.08533773302,0.129056393,10
10,198,autocorrelation,0.1190432411,0.04818610594,0.1043595152,0.08510679921,0.1287260676,10
10,200,autocorrelation,0.1186509419,0.04817022966,0.1028011742,0.08480364135,0.1278156701,10
10,202,autocorrelation,0.1172747176,0.04950321097,0.09936459372,0.082708447,0.1257625745,10
10,204,autocorrelation,0.1170872616,0.04931915473,0.09815543654,0.0847424279,0.1236088173,10
10,206,autocorrelation,0.1164243328,0.04965333993,0.09642022522,0.08281160612,0.1234300467,10
10,208,autocorrelation,0.117056276,0.0493746635,0.09563292991,0.08599694463,0.1222257441,10
10,210,autocorrelation,0.1174391959,0.04924773701,0.09795769331,0.08409754247,0.1226675621,10
10,212,autocorrelation,0.118784417,0.04864926378,0.09987825079,0.08709891242,0.1238351529,10
10,214,autocorrelation,0.1191756283,0.04880028949,0.1013300294,0.08789580198,0.1236534217,10
10,216,autocorrelation,0.1193322273,0.04861737344,0.1012016768,0.08514107204,0.1232370643,10
10,218,autocorrelation,0.1194555787,0.04906908748,0.1004333649,0.08551746019,0.1232520696,10
10,220,autocorrelation,0.1185317715,0.04957453712,0.1000837069,0.08383331367,0.1221073334,10
10,222,autocorrelation,0.1188754266,0.05001254436,0.09843448563,0.0863416537,0.1218173711,10
10,224,autocorrelation,0.1196020361,0.05039640574,0.09973239446,0.08654526883,0.1229328383,10
10,226,autocorrelation,0.1201415149,0.05126827584,0.09872842029,0.08714605779,0.1246885532,10
10,228,autocorrelation,0.1192271242,0.05122314976,0.09811957428,0.08441704965,0.1223654091,10
10,230,autocorrelation,0.1203011392,0.05119014656,0.09764865797,0.08672643649,0.1221042374,10
10,232,autocorrelation,0.1207871669,0.05078476785,0.0982176108,0.08751955681,0.1225730737,10
10,234,autocorrelation,0.1198650578,0.05141516349,0.09563605372,0.08707514978,0.1220635992,10
10,236,autocorrelation,0.1190199729,0.05210243965,0.09667255136,0.08512533304,0.1216828406,10
10,238,autocorrelation,0.1202412999,0.05117817175,0.09894338623,0.08431073051,0.1240362052,10
10,240,autocorrelation,0.1203922897,0.05188272342,0.09869198561,0.08595883132,0.12275893,10
10,242,autocorrelation,0.1195059549,0.05199092269,0.09816983068,0.08614431948,0.1221234474,10
10,244,autocorrelation,0.1195331548,0.05213207791,0.1011819648,0.08499811511,0.1229834605,10
10,246,autocorrelation,0.1201527006,0.05252043076,0.100133847,0.08373248588,0.1251221859,10
10,248,autocorrelation,0.1201242301,0.05316107433,0.09839876282,0.08254428973,0.12708915,10
10,250,autocorrelation,0.1222923668,0.05256653838,0.1011039792,0.08754907396,0.1294584329,10
10,252,autocorrelation,0.1210906145,0.05337302961,0.09979519141,0.08299576134,0.1277806313,10
10,254,autocorrelation,0.1210663293,0.0537588302,0.0986453274,0.08409230461,0.1269259894,10
10,256,autocorrelation,0.1222866981,0.05326269675,0.09922738123,0.08898773174,0.1262932596,10
10,258,autocorrelation,0.1234066475,0.05260903194,0.1010315727,0.0909362048,0.1270660206,10
10,260,autocorrelation,0.1227188755,0.05288693529,0.1014760869,0.08667290143,0.126705463,10
10,262,autocorrelation,0.1233359599,0.05288282702,0.1006077748,0.08687655082,0.1287856339,10
10,264,autocorrelation,0.1223395939,0.05350571404,0.10098906,0.08434253943,0.1297094589,10
10,266,autocorrelation,0.1226333966,0.05296694125,0.09921774919,0.08714596882,0.1313108916,10
10,268,autocorrelation,0.1224669793,0.0531424283,0.09941796349,0.0840603292,0.1329544258,10
10,270,autocorrelation,0.1224679437,0.05262497961,0.09945768163,0.08657907278,0.134914312,10
10,272,autocorrelation,0.1228857273,0.05237467764,0.1007677664,0.08441772978,0.1363748872,10
10,274,autocorrelation,0.1229918147,0.05183948368,0.09933566419,0.08684080084,0.1368056571,10
10,276,autocorrelation,0.1227941049,0.05145734698,0.09848058463,0.08973008905,0.1346233525,10
10,278,autocorrelation,0.121985768,0.05266276218,0.09943062836,0.08489365429,0.1333233783,10
10,280,autocorrelation,0.1220240515,0.05221254608,0.09970294009,0.08509027602,0.1321049284,10
10,282,autocorrelation,0.1225060017,0.05215861837,0.1014921237,0.08652611109,0.1322739048,10
10,284,autocorrelation,0.1219234246,0.05245133968,0.1020772802,0.0836169587,0.1327048868,10
10,286,autocorrelation,0.1213424562,0.05169355215,0.1007876996,0.08554102231,0.1334689468,10
10,288,autocorrelation,0.1214541713,0.05088168733,0.1003161978,0.08546669432,0.1343032401,10
10,290,autocorrelation,0.1212840144,0.0504904895,0.1005489365,0.08705380746,0.1342164478,10
10,292,autocorrelation,0.1223943916,0.05020970938,0.100835145,0.08727256404,0.137048455,10
10,294,autocorrelation,0.123259895,0.05059125673,0.1026699904,0.08612717365,0.1393625167,10
10,296,autocorrelation,0.122302799,0.05142611851,0.1005677901,0.08511849513,0.1407457149,10
10,298,autocorrelation,0.1218436549,0.05111370177,0.09987123158,0.08683806708,0.1398659335,10
10,300,autocorrelation,0.1214664561,0.05145595876,0.0988464197,0.08468597537,0.1388278659,10
10,302,autocorrelation,0.1203314787,0.05076718999,0.09970428372,0.08508627854,0.1344632543,10
10,304,autocorrelation,0.1202003384,0.05024858829,0.09814221968,0.08701076263,0.1311906135,10
10,306,autocorrelation,0.1204524002,0.05057614075,0.09859468216,0.08648935294,0.1306919732,10
10,308,autocorrelation,0.1196784157,0.05078455575,0.09902034199,0.08451731701,0.1299463653,10
10,310,autocorrelation,0.121688601,0.04978517782,0.09990524636,0.08990253025,0.1337618431,10
10,312,autocorrelation,0.1219969308,0.04981892136,0.1035006823,0.0879386529,0.1346799297,10
10,314,autocorrelation,0.121574851,0.0500664404,0.1053246923,0.08637999203,0.1322031911,10
10,316,autocorrelation,0.1211249036,0.05060961963,0.1043813317,0.08712139822,0.1301638638,10
10,318,autocorrelation,0.1216684717,0.05025649015,0.1033047759,0.08771671986,0.1286395735,10
10,320,autocorrelation,0.121366669,0.0507089808,0.1015212632,0.08776390902,0.1290158326,10
10,322,autocorrelation,0.1205346412,0.05103467678,0.1036480384,0.08399405132,0.1282539448,10
10,324,autocorrelation,0.1199466163,0.05099801814,0.1061121958,0.08486280123,0.1252275698,10
10,326,autocorrelation,0.1184313055,0.0512900784,0.1041756127,0.08251954961,0.1210750109,10
10,328,autocorrelation,0.1200665133,0.05014067493,0.1077365624,0.08486266007,0.1204057147,10
10,330,autocorrelation,0.1196578633,0.04998095172,0.1021843084,0.08695922055,0.1207856259,10
10,332,autocorrelation,0.1195280292,0.05062220629,0.1016484082,0.08537105817,0.1216363245,10
10,334,autocorrelation,0.1190081271,0.05048702675,0.1010826387,0.0836671567,0.1201922127,10
10,336,autocorrelation,0.1203542215,0.05041413821,0.1060065138,0.08597247005,0.1203992069,10
10,338,autocorrelation,0.1204484251,0.05046808368,0.1036133658,0.08793910675,0.1213880076,10
10,340,autocorrelation,0.1198710381,0.05120022244,0.1011292982,0.08500069735,0.1208236165,10
10,342,autocorrelation,0.1204148428,0.05180820827,0.1020673119,0.08409764666,0.1225140585,10
10,344,autocorrelation,0.1206493588,0.05259053776,0.100294151,0.08428744321,0.1232958317,10
10,346,autocorrelation,0.1215193849,0.05244564761,0.1013426637,0.08734981326,0.1230212013,10
10,348,autocorrelation,0.1207487131,0.05328276777,0.1036499916,0.08458535708,0.1233276746,10
10,350,autocorrelation,0.1199281071,0.05305089632,0.1006668138,0.08495835809,0.1203605065,10
10,352,autocorrelation,0.1192020426,0.05241865157,0.09882521111,0.0844645612,0.1187309647,10
10,354,autocorrelation,0.1202812553,0.05094554051,0.100712494,0.08617729558,0.1220063444,10
10,356,autocorrelation,0.1200613545,0.05098047539,0.1009156161,0.08558368995,0.122374164,10
10,358,autocorrelation,0.1207125237,0.0507464439,0.1012585389,0.0873879544,0.1250813332,10
10,360,autocorrelation,0.1202317394,0.05029833419,0.1017077643,0.08662501781,0.1270733427,10
10,362,autocorrelation,0.1196955291,0.0497448315,0.09945349157,0.08554228805,0.1278156504,10
10,364,autocorrelation,0.1201668593,0.04889434988,0.1016409502,0.08491423427,0.1274957828,10
10,366,autocorrelation,0.1202184538,0.04863948852,0.1034386659,0.08498169905,0.1273495952,10
10,368,autocorrelation,0.1203369418,0.04916248153,0.1053783118,0.08336184114,0.1267837745,10
10,370,autocorrelation,0.1201899494,0.0490542689,0.1011477125,0.08525368205,0.128175771,10
10,372,autocorrelation,0.119896853,0.04903211229,0.1027510943,0.0841155971,0.1270297203,10
10,374,autocorrelation,0.1193396343,0.04907217549,0.1032960209,0.08409063023,0.1271121801,10
10,376,autocorrelation,0.1190497139,0.04893847648,0.1015689093,0.08450929882,0.1265685201,10
10,378,autocorrelation,0.1198047351,0.04926748666,0.1038364917,0.0836739151,0.1291493322,10
10,380,autocorrelation,0.1205284676,0.04922830237,0.1059670211,0.08402817966,0.1312408991,10
10,382,autocorrelation,0.120807661,0.04874046299,0.106443495,0.08551362796,0.131136855,10
10,384,autocorrelation,0.1212777877,0.04898536035,0.1066874375,0.08355289061,0.1340497009,10
10,386,autocorrelation,0.122099487,0.04919461735,0.1060473292,0.08678700877,0.134571171,10
10,388,autocorrelation,0.1220812581,0.04903624462,0.1071245505,0.08670813702,0.1334040859,10
10,390,autocorrelation,0.1226990175,0.04837996849,0.1080472804,0.08642088467,0.1321529155,10
10,392,autocorrelation,0.1231932393,0.04924458851,0.1050726479,0.08641857246,0.1352067194,10
10,394,autocorrelation,0.1232647606,0.05062814825,0.1025729957,0.08589401542,0.1363359216,10
10,396,autocorrelation,0.1238414071,0.0513890445,0.10581062,0.08488311143,0.1382654468,10
10,398,autocorrelation,0.1241382076,0.05145298088,0.1041947434,0.08677838824,0.1355236406,10
10,400,autocorrelation,0.1241804927,0.052192907,0.1048418826,0.08601537772,0.1343220666,10
11,0,autocorrelation,1,3.825036549e-15,1,1,1,5
11,2,autocorrelation,0.7344438132,0.1007229267,0.7680676864,0.6522849589,0.782726008,5
11,4,autocorrelation,0.5521573239,0.1419411578,0.5935636058,0.4444338504,0.6113774984,5
11,6,autocorrelation,0.4264298378,0.1548163691,0.4682371624,0.3125707239,0.4821277139,5
11,8,autocorrelation,0.3355300303,0.1544555162,0.3720932168,0.2232533396,0.3830892743,5
11,10,autocorrelation,0.2683647813,0.1465104594,0.2972035837,0.1628916629,0.3050583133,5
11,12,autocorrelation,0.2187543975,0.1335915637,0.2390260496,0.1211357037,0.2438109066,5
11,14,autocorrelation,0.1835153985,0.1172633056,0.1936606371,0.09335845675,0.1959900023,5
11,16,autocorrelation,0.1562591785,0.1031293398,0.1587171373,0.07245988117,0.1602062455,5
11,18,autocorrelation,0.1376736623,0.08926438064,0.1325888064,0.06947142164,0.1343917782,5
11,20,autocorrelation,0.1236355866,0.07756412636,0.113402679,0.06918263777,0.1158351887,5
11,22,autocorrelation,0.1134624025,0.06737680441,0.1004539788,0.06797732964,0.105021513,5
11,24,autocorrelation,0.1055828909,0.05814042565,0.09326501505,0.06667031307,0.09780954587,5
11,26,autocorrelation,0.1001594083,0.04994688031,0.09060897804,0.06752307548,0.0940834284,5
11,28,autocorrelation,0.09639329251,0.04243396559,0.08990990298,0.06790067902,0.09157895268,5
11,30,autocorrelation,0.09333988159,0.03629854822,0.08931993402,0.06858485738,0.08985594442,5
11,32,autocorrelation,0.09019795687,0.03173018911,0.08804146015,0.06751767747,0.08944524826,5
11,34,autocorrelation,0.08857814144,0.0269826154,0.08730679687,0.06916691192,0.08939854469,5
11,36,autocorrelation,0.08697828288,0.02358180659,0.08770561278,0.06781439469,0.09019364046,5
11,38,autocorrelation,0.08532525867,0.02164604392,0.08712476498,0.06826119975,0.09007882463,5
11,40,autocorrelation,0.08415808207,0.01932823307,0.08697872288,0.0683097395,0.09020399476,5
11,42,autocorrelation,0.08345183833,0.01809290493,0.08600472619,0.06857373701,0.09079000501,5
11,44,autocorrelation,0.08211415993,0.01683386851,0.08592585896,0.06717452938,0.08868706726,5
11,46,autocorrelation,0.08212018591,0.01598750882,0.08503990893,0.06827302217,0.08867734973,5
11,48,autocorrelation,0.08144100976,0.01565043802,0.0856394538,0.0673481141,0.08979051818,5
11,50,autocorrelation,0.08232097655,0.01501000332,0.08570778474,0.06896756921,0.09241395021,5
11,52,autocorrelation,0.08107939998,0.01443699062,0.0859035193,0.0678762716,0.08906227982,5
11,54,autocorrelation,0.08107474787,0.0140293151,0.0860155918,0.06869562652,0.08915847221,5
11,56,autocorrelation,0.08044675434,0.0138821823,0.08577820654,0.06831168517,0.08887830003,5
11,58,autocorrelation,0.08006360233,0.01397851085,0.08606896611,0.06763229623,0.08858482597,5
11,60,autocorrelation,0.08036770712,0.01305374151,0.08548729494,0.06879489851,0.08845138826,5
11,62,autocorrelation,0.08082772258,0.01287645002,0.08592455381,0.06974228704,0.08934180797,5
11,64,autocorrelation,0.08084537423,0.01393700337,0.08716635646,0.06846913068,0.09054153497,5
11,66,autocorrelation,0.08089814642,0.01400619575,0.08668685014,0.06957674331,0.09064491496,5
11,68,autocorrelation,0.08023855885,0.01407633235,0.08604178797,0.06883580136,0.08943328167,5
11,70,autocorrelation,0.08090983777,0.01305541488,0.08628107785,0.06958242086,0.08978231683,5
11,72,autocorrelation,0.08062294762,0.01321871326,0.08518975574,0.06989780708,0.08993688753,5
11,74,autocorrelation,0.08145816796,0.0129457516,0.08637152334,0.07034852035,0.09040934986,5
11,76,autocorrelation,0.08119575071,0.01284688374,0.08601482382,0.06972449836,0.09085454511,5
11,78,autocorrelation,0.08077133641,0.01376302261,0.08570049455,0.06873888332,0.09083484949,5
11,80,autocorrelation,0.08063955238,0.0127630349,0.08600344892,0.07030621048,0.0901226411,5
11,82,autocorrelation,0.08092746634,0.01381953343,0.08598424423,0.06974039605,0.09058404341,5
11,84,autocorrelation,0.08135455353,0.01318857771,0.08706322255,0.06896857139,0.09038690997,5
11,86,autocorrelation,0.08194634886,0.01301069376,0.08603370122,0.07018037706,0.09202255168,5
11,88,autocorrelation,0.08231900693,0.01349661431,0.08635007038,0.0696037263,0.09182429396,5
11,90,autocorrelation,0.08285567892,0.01321037318,0.08679428481,0.07045817269,0.09241372782,5
11,92,autocorrelation,0.08262452378,0.01390964374,0.08718873269,0.06970125473,0.09156816326,5
11,94,autocorrelation,0.0817202151,0.01422141468,0.08634694521,0.06966186346,0.09142812021,5
11,96,autocorrelation,0.08184962267,0.01407953818,0.08514314144,0.06970930298,0.09296556928,5
11,98,autocorrelation,0.08221172026,0.01450343197,0.08665411032,0.07011428218,0.09262883626,5
11,100,autocorrelation,0.08236087642,0.01415289468,0.08706997308,0.06938396287,0.09340902591,5
11,102,autocorrelation,0.08216121188,0.01425044309,0.08586726107,0.06987073448,0.09263080784,5
11,104,autocorrelation,0.08225913617,0.01412993284,0.08675666197,0.07060851882,0.09069326333,5
11,106,autocorrelation,0.08207489796,0.01407553738,0.08741263831,0.07020210594,0.09063728875,5
11,108,autocorrelation,0.08227577766,0.01378745294,0.08727110374,0.07015855915,0.09054927191,5
11,110,autocorrelation,0.08202457212,0.01346985561,0.08641120383,0.06988347546,0.09089477636,5
11,112,autocorrelation,0.08212360241,0.01376840899,0.08728752729,0.06948626021,0.08926249715,5
11,114,autocorrelation,0.08243710528,0.01417661084,0.08832677235,0.07052919332,0.09083063211,5
11,116,autocorrelation,0.08229461589,0.01397084177,0.08960863498,0.07096296264,0.08979003465,5
11,118,autocorrelation,0.08222801828,0.01388898006,0.08999835597,0.06930726285,0.0900137059,5
11,120,autocorrelation,0.08253252509,0.01310294794,0.08899132534,0.07048536077,0.08927140239,5
11,122,autocorrelation,0.0818727655,0.0136457373,0.0887069084,0.06860614472,0.08939868623,5
11,124,autocorrelation,0.08173791658,0.01271689034,0.08786720139,0.07029196327,0.08867504217,5
11,126,autocorrelation,0.08156345514,0.01305120775,0.08835514592,0.06896507876,0.089133329,5
11,128,autocorrelation,0.08263498601,0.01353319551,0.08883152832,0.07017307843,0.09142605356,5
11,130,autocorrelation,0.08181923785,0.01350792612,0.08686626551,0.0691157592,0.09053226491,5
11,132,autocorrelation,0.08197859582,0.01340141171,0.08823494424,0.06887469964,0.09102304242,5
11,134,autocorrelation,0.08224242337,0.01294408677,0.08657738608,0.07097837651,0.09183497594,5
11,136,autocorrelation,0.08149157989,0.01291421219,0.08601434625,0.07018971997,0.09099679704,5
11,138,autocorrelation,0.0820476751,0.01298547128,0.08790834537,0.07006586244,0.09152529121,5
11,140,autocorrelation,0.08243391791,0.01299484989,0.08828303538,0.07081671764,0.09086638686,5
11,142,autocorrelation,0.08257250197,0.01400500492,0.08775150591,0.06901190487,0.09251346973,5
11,144,autocorrelation,0.08273632418,0.01295120222,0.08711794282,0.07076556614,0.09261985996,5
11,146,autocorrelation,0.08261360981,0.01324998222,0.08786386307,0.06965321175,0.09304497463,5
11,148,autocorrelation,0.08303645796,0.01310851603,0.08744375718,0.07063102685,0.09462369726,5
11,150,autocorrelation,0.08283652917,0.01403439676,0.08843488816,0.06935484986,0.09465904049,5
11,152,autocorrelation,0.08349813349,0.01409628778,0.09026735861,0.07025293701,0.09501289677,5
11,154,autocorrelation,0.08266119157,0.01462446987,0.08896848483,0.07002472811,0.09366605047,5
11,156,autocorrelation,0.08220542081,0.01416282415,0.08812992403,0.06972554595,0.09164664041,5
11,158,autocorrelation,0.08239898474,0.01441517075,0.08847476994,0.06881515737,0.09194566758,5
11,160,autocorrelation,0.08304372587,0.01498263317,0.09026570854,0.06895283244,0.09190716717,5
11,162,autocorrelation,0.08371942079,0.01442762034,0.09041752119,0.06976315813,0.09186927381,5
11,164,autocorrelation,0.08316457995,0.01501398916,0.08874328397,0.06939579771,0.09350359519,5
11,166,autocorrelation,0.08366164475,0.01475857339,0.08955241935,0.06950979743,0.0926819325,5
11,168,autocorrelation,0.08378814101,0.01532196534,0.09129221178,0.06912214778,0.09157711033,5
11,170,autocorrelation,0.08403991231,0.01462640951,0.09114626115,0.07014658536,0.09144756063,5
11,172,autocorrelation,0.08398834676,0.01455558988,0.09147324665,0.07026980708,0.09150024491,5
11,174,autocorrelation,0.08367380303,0.01555245365,0.09061241797,0.06966946413,0.09261230525,5
11,176,autocorrelation,0.08447336952,0.01531013513,0.09129342356,0.07094322814,0.09431447262,5
11,178,autocorrelation,0.08434394629,0.01557337647,0.09145416805,0.0702925233,0.09260813438,5
11,180,autocorrelation,0.08439431366,0.0154332645,0.09080934104,0.07043893572,0.09410632854,5
11,182,autocorrelation,0.08388429079,0.01522570433,0.0897312321,0.06921417499,0.09397214048,5
11,184,autocorrelation,0.08345301394,0.01465463555,0.08787381116,0.07012661354,0.09247854593,5
11,186,autocorrelation,0.08375925347,0.01470998837,0.08923418341,0.06930341799,0.09307732209,5
11,188,autocorrelation,0.08406106875,0.01476941237,0.09010393895,0.07052789942,0.09360428942,5
11,190,autocorrelation,0.08375096882,0.01571680164,0.08850138322,0.07000550479,0.09459232817,5
11,192,autocorrelation,0.08424612393,0.01518111468,0.08910043008,0.07118001718,0.09531912595,5
11,194,autocorrelation,0.0838850214,0.01516209158,0.08930742978,0.07060772683,0.09378337381,5
11,196,autocorrelation,0.08407302889,0.01479639838,0.09041249867,0.07072609352,0.09275783789,5
11,198,autocorrelation,0.08374868467,0.01490565167,0.08853757027,0.07133325304,0.09202177368,5
11,200,autocorrelation,0.08407838925,0.01484245593,0.09038105622,0.07056023212,0.09243103358,5
11,202,autocorrelation,0.08444256217,0.01480682711,0.09012032762,0.07035789786,0.09309663061,5
11,204,autocorrelation,0.08420809199,0.01503295164,0.08976975306,0.07057048361,0.09289423975,5
11,206,autocorrelation,0.08436451367,0.01454914832,0.09030427477,0.07072795113,0.09232782445,5
11,208,autocorrelation,0.08465756572,0.01452715996,0.08909046792,0.07076179614,0.09346417931,5
11,210,autocorrelation,0.08414692021,0.01491010974,0.08854775718,0.07140183725,0.09360455112,5
11,212,autocorrelation,0.084557911,0.0153304221,0.0901518758,0.07101110159,0.09363428817,5
11,214,autocorrelation,0.08391445069,0.01565830206,0.09009119529,0.07022858996,0.09281562774,5
11,216,autocorrelation,0.08447773921,0.01522884338,0.09053848684,0.07074990951,0.09314499086,5
11,218,autocorrelation,0.0842969845,0.01534818677,0.09084563842,0.07108717384,0.09227344911,5
11,220,autocorrelation,0.08427270892,0.01532656165,0.09184938666,0.0701860177,0.09311389073,5
11,222,autocorrelation,0.0847360217,0.01529691801,0.09178688477,0.07058471681,0.09494619875,5
11,224,autocorrelation,0.08419475178,0.01529315673,0.09219110824,0.06986961042,0.09232428617,5
11,226,autocorrelation,0.08432968591,0.01443123608,0.09052837267,0.0712715487,0.09339313603,5
11,228,autocorrelation,0.08471591475,0.01472830902,0.09165718143,0.07059082937,0.09464080469,5
11,230,autocorrelation,0.08444090141,0.01444796544,0.09178340434,0.06993131872,0.09328571172,5
11,232,autocorrelation,0.08508740727,0.01524455495,0.09319113355,0.07001673711,0.09446960051,5
11,234,autocorrelation,0.08479777842,0.01540727052,0.09327999668,0.07011084883,0.09329974505,5
11,236,autocorrelation,0.08491816735,0.01552104414,0.09268256016,0.0711220382,0.09392555074,5
11,238,autocorrelation,0.08544008284,0.01481333404,0.0926019797,0.07103141273,0.09333850424,5
11,240,autocorrelation,0.08495119472,0.01589083514,0.09252688763,0.06914620158,0.09397382499,5
11,242,autocorrelation,0.08492148993,0.01644614321,0.09266667062,0.06875232369,0.09461847828,5
11,244,autocorrelation,0.08567673718,0.0163379919,0.09386347122,0.07094456857,0.09488989661,5
11,246,autocorrelation,0.08600536512,0.01646645151,0.09406811591,0.07086307611,0.09483030772,5
11,248,autocorrelation,0.08561208253,0.01574751491,0.09383934739,0.06961204621,0.09445708574,5
11,250,autocorrelation,0.08567177938,0.0147994136,0.09280866327,0.07258128261,0.09322843262,5
11,252,autocorrelation,0.08520361799,0.01520450762,0.09287009548,0.07006469069,0.09328723736,5
11,254,autocorrelation,0.08568366876,0.01557507147,0.09242836746,0.07202104087,0.09564545549,5
11,256,autocorrelation,0.08633250635,0.01578768,0.09328829194,0.07262505552,0.09584244634,5
11,258,autocorrelation,0.08638241169,0.01530644421,0.09343209424,0.07259045839,0.09387962301,5
11,260,autocorrelation,0.08532166835,0.01665033314,0.09259238725,0.06893465263,0.0937734521,5
11,262,autocorrelation,0.08516534412,0.01601702655,0.09206649225,0.07102141443,0.09289964557,5
11,264,autocorrelation,0.08594094604,0.01610719046,0.09246368813,0.07065754168,0.09258712759,5
11,266,autocorrelation,0.0863308124,0.01698227335,0.09370221279,0.07051808288,0.0953595951,5
11,268,autocorrelation,0.08647716788,0.01674359392,0.09191061498,0.07256387357,0.09591440318,5
11,270,autocorrelation,0.08615744646,0.01681879176,0.09178859946,0.07151726282,0.09450171052,5
11,272,autocorrelation,0.08639857849,0.01685312238,0.09203937382,0.0714430983,0.09333865705,5
11,274,autocorrelation,0.08686396407,0.01734958641,0.09309563962,0.07194893883,0.09426866647,5
11,276,autocorrelation,0.08722699936,0.01747600117,0.09259659274,0.07163304261,0.0949987722,5
11,278,autocorrelation,0.08778020047,0.01814403371,0.09310759286,0.0709208274,0.09655758385,5
11,280,autocorrelation,0.08710990353,0.01796787995,0.09229710016,0.07005483689,0.09546246581,5
11,282,autocorrelation,0.08749532464,0.01827643877,0.09114587461,0.06988757919,0.09747748041,5
11,284,autocorrelation,0.08774484721,0.01777292338,0.09341326932,0.06988833888,0.095481604,5
11,286,autocorrelation,0.08777670053,0.01779993926,0.09406285325,0.07031944663,0.09548440313,5
11,288,autocorrelation,0.08737736232,0.01791624948,0.09221853443,0.06993110548,0.09566112665,5
11,290,autocorrelation,0.08795058633,0.01841808134,0.09373191543,0.07141134231,0.09510736263,5
11,292,autocorrelation,0.08800286031,0.01968452257,0.09462642909,0.06977687646,0.09563705458,5
11,294,autocorrelation,0.0887206629,0.01892559764,0.09353290069,0.07187613123,0.09646311738,5
11,296,autocorrelation,0.0886585533,0.01829772842,0.09411853489,0.07182652837,0.09491480594,5
11,298,autocorrelation,0.08843814749,0.01893480595,0.09391952707,0.07054949041,0.09616783235,5
11,300,autocorrelation,0.0884945885,0.01910466862,0.09439655846,0.0708305779,0.09482528831,5
11,302,autocorrelation,0.08853359969,0.01868204527,0.09416027371,0.07050728652,0.0955060447,5
11,304,autocorrelation,0.08800792099,0.0194967317,0.09272789315,0.07015734546,0.09696211578,5
11,306,autocorrelation,0.08814235145,0.01926862297,0.09353554293,0.07031623107,0.09585388987,5
11,308,autocorrelation,0.08708056122,0.01917781074,0.09107531016,0.07061172923,0.09506921041,5
11,310,autocorrelation,0.08750400763,0.01911104974,0.0922616428,0.07000663223,0.0949708228,5
11,312,autocorrelation,0.08786436349,0.01761904723,0.0929087814,0.07212200609,0.09616949997,5
11,314,autocorrelation,0.08768990921,0.0167160901,0.09374353954,0.07213818969,0.0945045302,5
11,316,autocorrelation,0.08699535637,0.0170405119,0.0929621801,0.07040454953,0.09441671116,5
11,318,autocorrelation,0.08737148873,0.01631152141,0.09399223001,0.07320502329,0.0954898409,5
11,320,autocorrelation,0.0866023937,0.01631545927,0.09261769746,0.07106598227,0.09610365821,5
11,322,autocorrelation,0.08652125178,0.0154177113,0.09329776336,0.07133518996,0.09412966527,5
11,324,autocorrelation,0.08619759794,0.01585856667,0.09328508089,0.07136168109,0.09360245886,5
11,326,autocorrelation,0.08632650567,0.01602330922,0.09197421087,0.07089231232,0.0946456031,5
11,328,autocorrelation,0.08711712754,0.01546023391,0.09399297964,0.07271428689,0.09403711009,5
11,330,autocorrelation,0.08623702259,0.01492879804,0.09224264886,0.0726568703,0.093223139,5
11,332,autocorrelation,0.08640625276,0.01624747539,0.09268380029,0.07106267806,0.09509176604,5
11,334,autocorrelation,0.08709662512,0.01622895318,0.09427993462,0.07198746385,0.09433758136,5
11,336,autocorrelation,0.08681039652,0.01654362934,0.0929730746,0.0716948311,0.09378764091,5
11,338,autocorrelation,0.08728251544,0.01643874936,0.09205755726,0.07291897708,0.09607267952,5
11,340,autocorrelation,0.08827864341,0.01688421967,0.09371034141,0.07162381246,0.09816928762,5
11,342,autocorrelation,0.08722351206,0.01817560432,0.09513026916,0.06889298269,0.09756201128,5
11,344,autocorrelation,0.08779420864,0.01701213099,0.09382651713,0.0715186716,0.09661897502,5
11,346,autocorrelation,0.08720770339,0.01661965302,0.09246446062,0.07084966832,0.0969575857,5
11,348,autocorrelation,0.08710922027,0.0158988695,0.09216269504,0.07100752424,0.09556313614,5
11,350,autocorrelation,0.08684461189,0.01741266225,0.09252519072,0.06959800755,0.09719866268,5
11,352,autocorrelation,0.08682832273,0.01688873296,0.0911169782,0.07030041549,0.09802900949,5
11,354,autocorrelation,0.08714171102,0.01676170274,0.09151942638,0.07070358536,0.09714109357,5
11,356,autocorrelation,0.08806485344,0.0164361894,0.09114014918,0.07324150963,0.09832517205,5
11,358,autocorrelation,0.08870711897,0.01678489425,0.09225321904,0.07184614895,0.09958088652,5
11,360,autocorrelation,0.08835571265,0.01708611104,0.09303295773,0.07128014455,0.09797086241,5
11,362,autocorrelation,0.08845572468,0.01650134581,0.09301314157,0.07150172444,0.09754215162,5
11,364,autocorrelation,0.08740630685,0.01682190506,0.09140157179,0.07103297269,0.09658754153,5
11,366,autocorrelation,0.0878916418,0.0171092163,0.08976919718,0.07168971227,0.09887303217,5
11,368,autocorrelation,0.08798164668,0.01740724722,0.09196446711,0.07044045164,0.09847193139,5
11,370,autocorrelation,0.0884824378,0.01784591783,0.09279150924,0.07143823745,0.09901644315,5
11,372,autocorrelation,0.08777514992,0.01751699347,0.0911401928,0.07207391474,0.09784085364,5
11,374,autocorrelation,0.08734417464,0.01726080852,0.09070612947,0.07164241428,0.09690472478,5
11,376,autocorrelation,0.08706331638,0.01663034943,0.09143124271,0.07202269234,0.09513856398,5
11,378,autocorrelation,0.08668198747,0.0166615797,0.09121003456,0.07028438051,0.09423323497,5
11,380,autocorrelation,0.08685966588,0.01680754298,0.08974589902,0.070181879,0.09534902744,5
11,382,autocorrelation,0.08717613751,0.01701359323,0.09099839658,0.07148030429,0.0958120381,5
11,384,autocorrelation,0.08684896538,0.01797510779,0.09101637054,0.07036052811,0.0957860886,5
11,386,autocorrelation,0.08674680973,0.017521373,0.0898962032,0.07246747562,0.09473319096,5
11,388,autocorrelation,0.08699353915,0.01752214594,0.09077111057,0.07182182194,0.09413625372,5
11,390,autocorrelation,0.08737870989,0.01705904306,0.08987720788,0.07116411902,0.09605241108,5
11,392,autocorrelation,0.0873280132,0.01722477137,0.08863972244,0.07259234675,0.09519424836,5
11,394,autocorrelation,0.08779211812,0.01730741016,0.08986908239,0.07202129196,0.09655991441,5
11,396,autocorrelation,0.08771571562,0.01750118972,0.0910350437,0.07195167657,0.0943855147,5
11,398,autocorrelation,0.08766539971,0.01817517578,0.09128294549,0.07138534039,0.09545193055,5
11,400,autocorrelation,0.08759768353,0.01863676453,0.09198638098,0.07054141118,0.09632261159,5
12,0,autocorrelation,1,2.220446049e-16,1,1,1,3
12,2,autocorrelation,0.7379163306,0.04732619128,0.7264170817,0.7119082424,0.7581747944,3
12,4,autocorrelation,0.5485118294,0.07410178984,0.5370964658,0.5089382991,0.5823776779,3
12,6,autocorrelation,0.4135514027,0.08301281539,0.4054892759,0.3701765338,0.4528952082,3
12,8,autocorrelation,0.3148532533,0.08288605532,0.3102976997,0.2723183102,0.3551104195,3
12,10,autocorrelation,0.241981068,0.07753683921,0.2397680466,0.2026712379,0.2801843874,3
12,12,autocorrelation,0.1875446551,0.06970771487,0.1870639113,0.1525712334,0.2222777049,3
12,14,autocorrelation,0.1466646389,0.06046841025,0.1472983986,0.1165901192,0.1770560385,3
12,16,autocorrelation,0.1178789264,0.04808207691,0.1171855757,0.09366642502,0.1417447525,3
12,18,autocorrelation,0.09888489714,0.03366018653,0.09502917072,0.08117388976,0.1146680413,3
12,20,autocorrelation,0.08499634111,0.02151569518,0.07981118796,0.07317911205,0.0942209936,3
12,22,autocorrelation,0.0751259968,0.01175366669,0.07100879892,0.06849680465,0.07969659,3
12,24,autocorrelation,0.06831733269,0.003906588954,0.06652535529,0.06607678081,0.06966189587,3
12,26,autocorrelation,0.06422881642,0.001107474831,0.06422859436,0.0636750235,0.06478249831,3
12,28,autocorrelation,0.06351116154,0.001407811216,0.0627105494,0.06269839166,0.06392362535,3
12,30,autocorrelation,0.06279359036,0.001952859711,0.0621489752,0.06169675306,0.06356812008,3
12,32,autocorrelation,0.06300567282,0.002510373486,0.06203498237,0.0615802814,0.06394571901,3
12,34,autocorrelation,0.06299620585,0.002162842413,0.06248434683,0.06180977669,0.0639267055,3
12,36,autocorrelation,0.06286962359,0.002091551875,0.06254167461,0.06175154678,0.06382372591,3
12,38,autocorrelation,0.06275130222,0.002435921251,0.06264565424,0.06150778904,0.06394199141,3
12,40,autocorrelation,0.06243546689,0.002202029127,0.0625226544,0.06135689666,0.06355763086,3
12,42,autocorrelation,0.0623875896,0.002413919616,0.06212974024,0.06112134284,0.06352491168,3
12,44,autocorrelation,0.06240031827,0.002884364783,0.06243117248,0.06096591132,0.06385015233,3
12,46,autocorrelation,0.06280367773,0.002998603338,0.06245608005,0.0612250508,0.06420850582,3
12,48,autocorrelation,0.06222402615,0.002619060481,0.06201261335,0.0608648464,0.06347749951,3
12,50,autocorrelation,0.06209859155,0.002259331234,0.0616935389,0.06088136167,0.06311329511,3
12,52,autocorrelation,0.06259999105,0.002756032791,0.06306268753,0.06135229153,0.06407903881,3
12,54,autocorrelation,0.06206223034,0.002462386963,0.06256325703,0.06097555892,0.0633994151,3
12,56,autocorrelation,0.06180226996,0.002504405647,0.06221165993,0.06066502604,0.06314420887,3
12,58,autocorrelation,0.06186826865,0.003022573153,0.06234238992,0.06048952184,0.0634840761,3
12,60,autocorrelation,0.06197643011,0.003031685937,0.06272774507,0.06068373833,0.06364477936,3
12,62,autocorrelation,0.06209067903,0.003047650813,0.06237168096,0.06064196984,0.06367988918,3
12,64,autocorrelation,0.06244581699,0.002665761338,0.06308310266,0.06130113652,0.0639091403,3
12,66,autocorrelation,0.06253163846,0.002880734439,0.06311641692,0.06125989826,0.06409576789,3
12,68,autocorrelation,0.06232028116,0.002571447743,0.06280791992,0.06117392434,0.06371045737,3
12,70,autocorrelation,0.06283399342,0.002837551842,0.06317951699,0.06150950928,0.06433123934,3
12,72,autocorrelation,0.06238152736,0.00343776707,0.06320716288,0.06090664307,0.06426922941,3
12,74,autocorrelation,0.06257850198,0.003373801401,0.06263236885,0.06090522926,0.06427870813,3
12,76,autocorrelation,0.0622025156,0.003233217621,0.06257351288,0.06068665784,0.063903872,3
12,78,autocorrelation,0.06264120546,0.003464214442,0.06286674647,0.06096823895,0.06442694248,3
12,80,autocorrelation,0.06254792232,0.003201672297,0.0627034089,0.06098737427,0.06418621366,3
12,82,autocorrelation,0.06242180627,0.003374506248,0.06307204653,0.0609207721,0.06424796057,3
12,84,autocorrelation,0.06184297716,0.002758819015,0.06184323562,0.06046363227,0.06322245127,3
12,86,autocorrelation,0.06264611417,0.002740775847,0.06288638603,0.06133974934,0.06407261493,3
12,88,autocorrelation,0.0623723677,0.002900924528,0.06193196106,0.06082439481,0.06370013726,3
12,90,autocorrelation,0.06282221782,0.002367529789,0.06309950028,0.06171387835,0.06406919852,3
12,92,autocorrelation,0.06289636009,0.002511484966,0.06298498995,0.06166336166,0.06417367345,3
12,94,autocorrelation,0.06249938001,0.002796104018,0.06234885669,0.06106521734,0.06385828102,3
12,96,autocorrelation,0.0629283017,0.002824697753,0.06321240661,0.06159234705,0.0644063088,3
12,98,autocorrelation,0.0628892475,0.003190736632,0.06298711126,0.06131890802,0.06450851886,3
12,100,autocorrelation,0.06302498744,0.00302577256,0.06298810684,0.0615029653,0.06452856928,3
12,102,autocorrelation,0.06290547028,0.003229570188,0.06266479069,0.06123388186,0.0644567189,3
12,104,autocorrelation,0.06292842217,0.003030866173,0.06293419043,0.06141443321,0.06444529527,3
12,106,autocorrelation,0.0626588323,0.002828239838,0.0628252093,0.06128814297,0.06411271013,3
12,108,autocorrelation,0.06296039198,0.002580348431,0.06323269479,0.06174369276,0.06431324261,3
12,110,autocorrelation,0.06287851295,0.002913763702,0.06330456836,0.06153987313,0.06443018047,3
12,112,autocorrelation,0.06281109205,0.002300631072,0.06254732132,0.06160051819,0.06388978054,3
12,114,autocorrelation,0.06279828447,0.002582202223,0.06195579369,0.06134917224,0.06382615131,3
12,116,autocorrelation,0.0632191342,0.002432608635,0.06269807432,0.06189367498,0.06428406348,3
12,118,autocorrelation,0.06322669615,0.002110928557,0.06253463317,0.062041652,0.06406570881,3
12,120,autocorrelation,0.06294310742,0.002745463038,0.06209573319,0.0614084794,0.06405404833,3
12,122,autocorrelation,0.0628877247,0.002352302698,0.06294971306,0.06172737677,0.06407906681,3
12,124,autocorrelation,0.06299009767,0.002326768434,0.06249592848,0.06172301931,0.06401009144,3
12,126,autocorrelation,0.06294606276,0.002842237632,0.06219799637,0.06137533627,0.06414275605,3
12,128,autocorrelation,0.06306219798,0.002626271494,0.06248116806,0.06162813241,0.06420574858,3
12,130,autocorrelation,0.06288187938,0.002937695579,0.06136934222,0.06118899903,0.06381849115,3
12,132,autocorrelation,0.06322373309,0.00255527287,0.0624777305,0.06180110648,0.0642733584,3
12,134,autocorrelation,0.06289151765,0.003160887232,0.06220385456,0.06116746241,0.06427174134,3
12,136,autocorrelation,0.06275447941,0.00256544856,0.06228586541,0.06137075308,0.06390389875,3
12,138,autocorrelation,0.0631629098,0.002251317271,0.06248711647,0.0619070039,0.06408091903,3
12,140,autocorrelation,0.06324910736,0.0021316683,0.06268047521,0.06206994609,0.06414395256,3
12,142,autocorrelation,0.06313753885,0.002647841491,0.0626150089,0.06170246334,0.06431134938,3
12,144,autocorrelation,0.06308777933,0.002518887561,0.06214495519,0.0616606344,0.06404351219,3
12,146,autocorrelation,0.06316353204,0.002694678815,0.06237288198,0.06166275323,0.06426898582,3
12,148,autocorrelation,0.06318998286,0.002930121776,0.06159127011,0.06149911319,0.06408149616,3
12,150,autocorrelation,0.06272752669,0.002737820895,0.06220274689,0.06124641343,0.06394625006,3
12,152,autocorrelation,0.06348196232,0.002795359661,0.06276208395,0.0619395164,0.06466446905,3
12,154,autocorrelation,0.06310061607,0.002546266261,0.06201494438,0.06164603928,0.06401235701,3
12,156,autocorrelation,0.06337504919,0.002623914569,0.06274477691,0.061934224,0.06450073824,3
12,158,autocorrelation,0.06357903977,0.002361956236,0.06290156824,0.06226570822,0.06455363556,3
12,160,autocorrelation,0.06303246977,0.002585485049,0.06265579979,0.06165589022,0.06422071433,3
12,162,autocorrelation,0.06326887006,0.002060989694,0.0624484816,0.06209644407,0.06403110182,3
12,164,autocorrelation,0.06325494963,0.002370676028,0.06249033661,0.06192563667,0.06420195607,3
12,166,autocorrelation,0.06316202188,0.002665887121,0.06244802128,0.06168692942,0.06428011404,3
12,168,autocorrelation,0.0634832112,0.002335143506,0.06239241681,0.0621427438,0.06427828141,3
12,170,autocorrelation,0.06330912248,0.002139510456,0.06300637823,0.06217174385,0.06429512898,3
12,172,autocorrelation,0.06363298985,0.002062729164,0.06278414314,0.06245713327,0.06438442308,3
12,174,autocorrelation,0.06359098729,0.002147244701,0.06247149099,0.06235315891,0.06426906753,3
12,176,autocorrelation,0.06316871158,0.001846383822,0.06293310414,0.06219227224,0.06402734719,3
12,178,autocorrelation,0.0635447165,0.002355395493,0.06311224433,0.06227388463,0.06459931229,3
12,180,autocorrelation,0.06340491755,0.002024691923,0.06293047073,0.06229502478,0.0642775869,3
12,182,autocorrelation,0.06343411538,0.002676862308,0.06267840544,0.06194737544,0.06454300035,3
12,184,autocorrelation,0.06334881694,0.002512093991,0.06289819077,0.06199536244,0.06447695835,3
12,186,autocorrelation,0.06350443486,0.002143800194,0.06312643031,0.06235060449,0.06446926295,3
12,188,autocorrelation,0.06333072607,0.001917902332,0.06263637313,0.06224653984,0.06406773583,3
12,190,autocorrelation,0.06350061771,0.002163937067,0.06316752017,0.06234503178,0.06448965486,3
12,192,autocorrelation,0.06350108631,0.002155637621,0.0628217853,0.06229435627,0.06436816585,3
12,194,autocorrelation,0.06324404275,0.002415943787,0.06268252419,0.06192041471,0.0642869115,3
12,196,autocorrelation,0.06373784799,0.00228782707,0.06292964444,0.06244673122,0.06462486298,3
12,198,autocorrelation,0.0636272707,0.002757635939,0.06376405923,0.06228392267,0.06503901299,3
12,200,autocorrelation,0.06369286928,0.002673062785,0.06327922967,0.06226498388,0.06491393487,3
12,202,autocorrelation,0.06358790021,0.002210553609,0.06299571943,0.06236473424,0.06451497579,3
12,204,autocorrelation,0.06318776892,0.002166956926,0.06252890886,0.06197781112,0.06406829669,3
12,206,autocorrelation,0.06342925313,0.002706256102,0.06313018069,0.06200756828,0.06470140177,3
12,208,autocorrelation,0.06341230337,0.002611042963,0.06345206986,0.06211683708,0.06472765291,3
12,210,autocorrelation,0.06364242153,0.002892506945,0.06289454237,0.06204592132,0.06486498216,3
12,212,autocorrelation,0.06332493418,0.002325898889,0.06272740451,0.06204175015,0.06430935337,3
12,214,autocorrelation,0.06306775083,0.002636283081,0.06206279399,0.06157227141,0.06406075183,3
12,216,autocorrelation,0.06305860875,0.002746566532,0.06298660764,0.06166767916,0.06441353778,3
12,218,autocorrelation,0.06295574341,0.002133435855,0.06271369151,0.06183367419,0.06395678669,3
12,220,autocorrelation,0.06312825656,0.00309574332,0.06304905519,0.06156096454,0.06465594791,3
12,222,autocorrelation,0.06306281416,0.002707546519,0.06292130278,0.06167505055,0.06437982208,3
12,224,autocorrelation,0.06332894554,0.002311015523,0.0629140688,0.06208376887,0.06436668383,3
12,226,autocorrelation,0.06367783647,0.002228061094,0.06330222527,0.06248183982,0.06468602752,3
12,228,autocorrelation,0.06336934719,0.002277350645,0.06279611318,0.06211474686,0.0643373305,3
12,230,autocorrelation,0.06312550984,0.002155561087,0.06214959206,0.0618900502,0.0638730106,3
12,232,autocorrelation,0.06381065455,0.001732749295,0.06293575117,0.062812774,0.0643710834,3
12,234,autocorrelation,0.06360199443,0.002022442104,0.06307948206,0.06248578178,0.0644569509,3
12,236,autocorrelation,0.06395266628,0.002017080816,0.06347583368,0.06284627932,0.06482063694,3
12,238,autocorrelation,0.06397001729,0.002159778031,0.06313095208,0.06274331708,0.0647771849,3
12,240,autocorrelation,0.06398848886,0.002444439961,0.06307872692,0.06260405479,0.06491804197,3
12,242,autocorrelation,0.06407929079,0.002137947934,0.06295925522,0.06284665899,0.06475190481,3
12,244,autocorrelation,0.06405414685,0.001698183788,0.06329729061,0.06308163772,0.06464822786,3
12,246,autocorrelation,0.06453622323,0.002004656582,0.0643807921,0.06349729934,0.06549743156,3
12,248,autocorrelation,0.06378078641,0.002707475402,0.06315049583,0.06229727322,0.06494915432,3
12,250,autocorrelation,0.06390968617,0.00230458292,0.06261103103,0.06257926104,0.06459078374,3
12,252,autocorrelation,0.0638097201,0.002527609937,0.06251930731,0.06235354532,0.06462068848,3
12,254,autocorrelation,0.06406870758,0.002410983197,0.06274388826,0.06267725746,0.06479774804,3
12,256,autocorrelation,0.06389622686,0.002388235865,0.06298026994,0.062540912,0.06479356327,3
12,258,autocorrelation,0.06399685268,0.001734665213,0.06316809051,0.06300005332,0.06457927096,3
12,260,autocorrelation,0.06414580535,0.002013359861,0.06308071304,0.06298471361,0.06477435093,3
12,262,autocorrelation,0.0640279358,0.002285310834,0.06331862456,0.06275000545,0.06495121053,3
12,264,autocorrelation,0.06372167476,0.001802369037,0.06296910042,0.06269332911,0.06437373324,3
12,266,autocorrelation,0.06423163568,0.002192671049,0.06338478872,0.0629867318,0.06505311608,3
12,268,autocorrelation,0.06436681832,0.001903379766,0.06334545731,0.06326879325,0.06495416288,3
12,270,autocorrelation,0.06496752773,0.001199347438,0.06440365936,0.0642788441,0.06537427718,3
12,272,autocorrelation,0.0645158889,0.001525152953,0.06369125511,0.06363592116,0.06498353975,3
12,274,autocorrelation,0.06434102819,0.001518369917,0.06368152215,0.06347272506,0.0648795783,3
12,276,autocorrelation,0.06392789403,0.002089401834,0.06341935016,0.06277952874,0.06482198739,3
12,278,autocorrelation,0.06425662714,0.001933014373,0.06325848012,0.06314260767,0.0648715731,3
12,280,autocorrelation,0.06436717465,0.001538816781,0.06395531689,0.06351575564,0.06501266478,3
12,282,autocorrelation,0.06433665823,0.002298245006,0.06309272797,0.06301061308,0.06504073826,3
12,284,autocorrelation,0.0640170602,0.001954627481,0.06327964136,0.06290902688,0.0647563841,3
12,286,autocorrelation,0.06369552935,0.002812966722,0.06273523563,0.06211184523,0.06479906661,3
12,288,autocorrelation,0.06371633231,0.002527774376,0.06258484812,0.06226840215,0.06459852038,3
12,290,autocorrelation,0.06411384553,0.002742587103,0.06358542365,0.06262967111,0.06533380901,3
12,292,autocorrelation,0.0640055265,0.002317939385,0.06304701702,0.06268379612,0.06484800214,3
12,294,autocorrelation,0.06398815586,0.002333599345,0.06296290779,0.06265280078,0.0648108869,3
12,296,autocorrelation,0.06416737812,0.002234058483,0.06364192271,0.0629424033,0.06512962523,3
12,298,autocorrelation,0.06443701472,0.003047692263,0.06430931047,0.06288224618,0.06592793114,3
12,300,autocorrelation,0.06375619567,0.003157730643,0.06259111997,0.06196883084,0.06496102264,3
12,302,autocorrelation,0.06398430967,0.002228897587,0.06359623608,0.06278558423,0.06498899831,3
12,304,autocorrelation,0.06432413345,0.002446852791,0.06393951373,0.06301594105,0.06544001599,3
12,306,autocorrelation,0.06387029458,0.002392779305,0.06340353278,0.06257441025,0.06493279802,3
12,308,autocorrelation,0.06422046357,0.002494066508,0.06306882755,0.0627895685,0.06507554063,3
12,310,autocorrelation,0.06351124096,0.00236455999,0.0630422194,0.06222927981,0.06455869133,3
12,312,autocorrelation,0.06410885311,0.002858552968,0.06378550637,0.06260561439,0.06545041846,3
12,314,autocorrelation,0.06374950937,0.003133264076,0.0630522957,0.0620379386,0.0651124733,3
12,316,autocorrelation,0.0641055116,0.002959144195,0.06345180057,0.06248984154,0.06539432614,3
12,318,autocorrelation,0.06385175281,0.002374874957,0.06370569267,0.06262948581,0.06500098974,3
12,320,autocorrelation,0.06406002396,0.002420197107,0.06366955576,0.06276417854,0.06516063529,3
12,322,autocorrelation,0.06410832257,0.002107069719,0.06383101118,0.06299232541,0.06508566403,3
12,324,autocorrelation,0.06382667445,0.002078866363,0.06386638789,0.06279731189,0.06487589374,3
12,326,autocorrelation,0.06411018181,0.002340054893,0.06365621949,0.06284329455,0.0651500879,3
12,328,autocorrelation,0.06409070207,0.002445887816,0.06367948739,0.06277798682,0.06519780997,3
12,330,autocorrelation,0.06378930747,0.002304163889,0.06373058278,0.06262282501,0.06492642758,3
12,332,autocorrelation,0.06396837986,0.002900316045,0.06307455862,0.06234736902,0.06514248008,3
12,334,autocorrelation,0.06385283353,0.002531091024,0.06335239306,0.06248086824,0.06497457858,3
12,336,autocorrelation,0.0640737503,0.00239709236,0.0635520099,0.06276625403,0.06512037637,3
12,338,autocorrelation,0.06347697617,0.002262858438,0.06346612128,0.06234284299,0.0646056819,3
12,340,autocorrelation,0.06391206613,0.002508140715,0.06340135857,0.06254997104,0.06501880744,3
12,342,autocorrelation,0.06401538949,0.002697887557,0.06343819685,0.06254550337,0.06519667929,3
12,344,autocorrelation,0.06396306747,0.003020732547,0.06337296944,0.0623269477,0.06530413822,3
12,346,autocorrelation,0.06408664396,0.002551996983,0.0638310586,0.06275155766,0.06529393758,3
12,348,autocorrelation,0.06401515711,0.00269709822,0.06360621432,0.06257604884,0.06524979399,3
12,350,autocorrelation,0.06341303851,0.00332822457,0.06245556266,0.0615620315,0.06478530759,3
12,352,autocorrelation,0.06361171882,0.002440322272,0.06351326008,0.06236768806,0.0648065202,3
12,354,autocorrelation,0.06358832219,0.002478599047,0.06349527961,0.06232641707,0.06480370602,3
12,356,autocorrelation,0.063532652,0.002716093249,0.0637665339,0.06223685727,0.06494538768,3
12,358,autocorrelation,0.06356830219,0.002428805562,0.06394340263,0.06245858538,0.06486556922,3
12,360,autocorrelation,0.06429275555,0.002007095246,0.06433434214,0.06329976615,0.06530653825,3
12,362,autocorrelation,0.0645911836,0.001799233969,0.0647528171,0.06373470168,0.06552848228,3
12,364,autocorrelation,0.06446893019,0.001873998549,0.06377871507,0.06340832054,0.06518443227,3
12,366,autocorrelation,0.06397288378,0.002744750074,0.06328637829,0.06246146399,0.06514105083,3
12,368,autocorrelation,0.06442345015,0.002877822025,0.06316749062,0.06277728311,0.06544163742,3
12,370,autocorrelation,0.06404583459,0.002284642702,0.06303466889,0.06273796613,0.0648481202,3
12,372,autocorrelation,0.06412858151,0.001923419385,0.06304596715,0.06301821044,0.06469764539,3
12,374,autocorrelation,0.06482526304,0.002491989364,0.06358905128,0.06339106051,0.06564135968,3
12,376,autocorrelation,0.06468586175,0.002240337348,0.06400017734,0.06343433775,0.06559454355,3
12,378,autocorrelation,0.06419050879,0.002338287036,0.06426352611,0.0630400472,0.06537747904,3
12,380,autocorrelation,0.06474611111,0.002182398198,0.06469863503,0.06364323666,0.06582524753,3
12,382,autocorrelation,0.06483340576,0.002493154858,0.06413507966,0.06344947765,0.06586817082,3
12,384,autocorrelation,0.06454009472,0.001902291965,0.06460209755,0.06360482844,0.06550636242,3
12,386,autocorrelation,0.06465554325,0.001185303393,0.06471471223,0.06407823787,0.06526243313,3
12,388,autocorrelation,0.06462836275,0.001976868532,0.06483403624,0.06369536721,0.06566419504,3
12,390,autocorrelation,0.06419600261,0.001897115726,0.06432659803,0.06328178074,0.06517552219,3
12,392,autocorrelation,0.06470425174,0.002305644809,0.06465838931,0.06354013479,0.06584543747,3
12,394,autocorrelation,0.06497599896,0.003148706648,0.06425285635,0.06325231408,0.06633811254,3
12,396,autocorrelation,0.06441462452,0.00218666355,0.06430544898,0.06329502138,0.06547963989,3
12,398,autocorrelation,0.06436437555,0.002319687627,0.06429016069,0.06318642331,0.06550522037,3
12,400,autocorrelation,0.06423654067,0.002315939675,0.06356959467,0.06294842512,0.06519118322,3
