n,t,observable,mean,std,median,q25,q75,n_realizations
6,0,M_gen,1,3.176787555e-15,1,1,1,30
6,2,M_gen,0.4887228144,0.1254943641,0.4853390401,0.3984238389,0.5392638534,30
6,4,M_gen,0.3568024691,0.105658757,0.3216167331,0.2966281116,0.3867233344,30
6,6,M_gen,0.3457838344,0.09026538571,0.335482181,0.2903545988,0.3580413561,30
6,8,M_gen,0.3453027991,0.08472846422,0.3197706595,0.2993579706,0.3624531039,30
6,10,M_gen,0.352527249,0.07731159904,0.3302182632,0.302903268,0.3736120975,30
6,12,M_gen,0.3562938143,0.07700348189,0.3363901596,0.3040053585,0.3873350188,30
6,14,M_gen,0.3635615727,0.07270888756,0.3528438817,0.3120648457,0.3794372809,30
6,16,M_gen,0.3634237963,0.07064871334,0.3418946742,0.3237240772,0.3739024728,30
6,18,M_gen,0.3798959714,0.07190692751,0.3712633622,0.3398383152,0.39577081,30
6,20,M_gen,0.3736176462,0.07229527273,0.3642384294,0.3325768295,0.3964139355,30
6,22,M_gen,0.3878094588,0.07268646014,0.3748803453,0.3393627238,0.4101744534,30
6,24,M_gen,0.3906884676,0.08588355805,0.3556720052,0.3291231625,0.4358621009,30
6,26,M_gen,0.3832201289,0.09086777193,0.3590834807,0.3250875599,0.4130924044,30
6,28,M_gen,0.3793141252,0.09071594991,0.3510704029,0.3301720955,0.4007945895,30
6,30,M_gen,0.3821504361,0.08724757338,0.3587407032,0.3341808741,0.3962501717,30
6,32,M_gen,0.3799347696,0.07807300967,0.3547894073,0.3405051322,0.3948704412,30
6,34,M_gen,0.3854752331,0.08031251081,0.3836804979,0.3319531257,0.4155436497,30
6,36,M_gen,0.3811246123,0.07926928264,0.3725086478,0.3261619325,0.4045377965,30
6,38,M_gen,0.3835287576,0.08569636986,0.3719916932,0.3202017766,0.4185282552,30
6,40,M_gen,0.3806063825,0.08382018294,0.3609749978,0.3330167565,0.4048740417,30
6,42,M_gen,0.3800548175,0.07936458615,0.3520708784,0.3352341403,0.4047052675,30
6,44,M_gen,0.3891567169,0.07785494894,0.3725892999,0.3320792434,0.4264918676,30
6,46,M_gen,0.3888396709,0.08598111707,0.3833591436,0.3325151149,0.414794066,30
6,48,M_gen,0.3834624669,0.0907932034,0.3521209308,0.3289273505,0.4098695724,30
6,50,M_gen,0.3721726919,0.08779409374,0.3435965384,0.3210568601,0.3818594243,30
6,52,M_gen,0.3713672871,0.08413386194,0.3526844468,0.3276339701,0.3741532394,30
6,54,M_gen,0.3716067904,0.08339653622,0.3559920842,0.3252652621,0.3786520184,30
6,56,M_gen,0.3771451184,0.08582077614,0.3498341213,0.3268033242,0.4247059017,30
6,58,M_gen,0.3846742553,0.08457389822,0.3577171936,0.326156,0.42652901,30
6,60,M_gen,0.3862524103,0.08607257056,0.3659713686,0.3198294334,0.4250068827,30
6,62,M_gen,0.3957820581,0.08222242404,0.3830299457,0.3587100959,0.4346885603,30
6,64,M_gen,0.3900762855,0.08843011726,0.3776340283,0.3406189074,0.4131411852,30
6,66,M_gen,0.3697554564,0.07488297359,0.3486446933,0.3246321111,0.3767670662,30
6,68,M_gen,0.3794564846,0.07214365234,0.3610969192,0.3364696866,0.4059173371,30
6,70,M_gen,0.3764343125,0.07381464865,0.3558383439,0.3311463589,0.4020922233,30
6,72,M_gen,0.3778573582,0.08292943753,0.3632091256,0.317686802,0.4146753367,30
6,74,M_gen,0.3821549939,0.08560735619,0.3704650407,0.3223561062,0.3993940784,30
6,76,M_gen,0.3742024256,0.07963276243,0.3583043455,0.3257475853,0.4082506973,30
6,78,M_gen,0.3732728891,0.07444775863,0.3419825634,0.3310909247,0.3923322071,30
6,80,M_gen,0.3776166001,0.07172265674,0.3629317049,0.3282518373,0.4018228829,30
6,82,M_gen,0.3812209848,0.07416733829,0.3647337426,0.3228712689,0.4051479575,30
6,84,M_gen,0.3981878123,0.07741931661,0.3713055783,0.3420283014,0.4275086491,30
6,86,M_gen,0.3856503854,0.08037033001,0.366377154,0.3322914956,0.4105087322,30
6,88,M_gen,0.3797221288,0.0800793571,0.3652052112,0.3383818581,0.4062726959,30
6,90,M_gen,0.3805029704,0.08156863895,0.3626536964,0.3307688874,0.4024558899,30
6,92,M_gen,0.3802441854,0.07825840494,0.3652006546,0.3281124104,0.4010251176,30
6,94,M_gen,0.3717108495,0.07906604041,0.3588348158,0.3145853495,0.4113774984,30
6,96,M_gen,0.3757865341,0.08063664814,0.3554425651,0.3223189439,0.4046400394,30
6,98,M_gen,0.3829931877,0.08255555606,0.3699405098,0.3318120104,0.4170416806,30
6,100,M_gen,0.3837249007,0.07842965,0.3653991591,0.3310628778,0.4012971834,30
6,102,M_gen,0.3828288402,0.07913167621,0.3701724383,0.3410630581,0.4007475956,30
6,104,M_gen,0.3823912044,0.0739149075,0.3612451681,0.3365728872,0.394597179,30
6,106,M_gen,0.38486896,0.07386607454,0.3783690651,0.3409164113,0.4060145923,30
6,108,M_gen,0.3780915189,0.08351436053,0.3514376688,0.3220131644,0.4135080207,30
6,110,M_gen,0.3795254882,0.08319451739,0.3598756464,0.3362721714,0.3979446678,30
6,112,M_gen,0.3809839615,0.08930698937,0.3512016378,0.320799206,0.4040808337,30
6,114,M_gen,0.3861594883,0.08546678448,0.3685112312,0.336948909,0.3984397027,30
6,116,M_gen,0.3878703332,0.08949930961,0.3820139134,0.324978772,0.4050023772,30
6,118,M_gen,0.3811190855,0.09311134524,0.3632285582,0.3251178348,0.400321704,30
6,120,M_gen,0.38305293,0.0938326446,0.3686081003,0.3273987757,0.4089398609,30
6,122,M_gen,0.381094361,0.08898616629,0.3489376284,0.3271729288,0.4080288763,30
6,124,M_gen,0.3819566388,0.08116611745,0.3680970935,0.3293474257,0.4037519846,30
6,126,M_gen,0.3863057178,0.07867830676,0.368969207,0.3319412894,0.4268648314,30
6,128,M_gen,0.3902866698,0.07816306016,0.3824051122,0.3421344457,0.4197459023,30
6,130,M_gen,0.3829437062,0.08460122792,0.3620441444,0.3174993479,0.4137566101,30
6,132,M_gen,0.3788759648,0.0752632112,0.3547355094,0.332564762,0.4075951013,30
6,134,M_gen,0.3718981426,0.07885259634,0.3439997488,0.3217223887,0.392498461,30
6,136,M_gen,0.3744025703,0.08728784317,0.3606560694,0.3049497325,0.3976486208,30
6,138,M_gen,0.378331008,0.08125349974,0.3623405584,0.3321421311,0.4180748789,30
6,140,M_gen,0.370736877,0.07431180945,0.3530270557,0.3210358733,0.3925562541,30
6,142,M_gen,0.3865867984,0.08063892338,0.3779479755,0.3228657995,0.4258944725,30
6,144,M_gen,0.3852976274,0.09123032065,0.353841068,0.3345005393,0.418706184,30
6,146,M_gen,0.3855142499,0.09173394568,0.352756419,0.3346072584,0.4030197151,30
6,148,M_gen,0.3837485454,0.09235018171,0.3616502668,0.3321531243,0.4163782044,30
6,150,M_gen,0.3774907962,0.08899355952,0.3648849963,0.31649768,0.4029583049,30
6,152,M_gen,0.3813464398,0.08015993628,0.3645346718,0.3277240395,0.4020671088,30
6,154,M_gen,0.3894449593,0.07996372744,0.3766838851,0.3388931253,0.4075938616,30
6,156,M_gen,0.3927162974,0.08824860787,0.3753586705,0.3341225889,0.4300311731,30
6,158,M_gen,0.3795050852,0.07842465097,0.3651972778,0.3334274806,0.4118674014,30
6,160,M_gen,0.3780038501,0.06912887401,0.3661404442,0.335357137,0.4052514492,30
6,162,M_gen,0.3747950828,0.07147120196,0.3704638164,0.3303279289,0.3863164152,30
6,164,M_gen,0.3746779427,0.07128959567,0.3589174721,0.3268956847,0.4007294461,30
6,166,M_gen,0.3828186048,0.08373776773,0.36377996,0.3331078128,0.4105792418,30
6,168,M_gen,0.3759418149,0.08225821085,0.3575518288,0.325399155,0.4180806131,30
6,170,M_gen,0.3927508196,0.09282889305,0.3595605773,0.3238621962,0.4323412683,30
6,172,M_gen,0.3944946927,0.08927997372,0.3691041902,0.3462582783,0.4200821488,30
6,174,M_gen,0.3903781971,0.0926923022,0.3777956865,0.3256422481,0.4310245578,30
6,176,M_gen,0.3937623803,0.08817717251,0.3792175188,0.341724466,0.4176172261,30
6,178,M_gen,0.3957526924,0.08183030344,0.3793004627,0.3388843665,0.4378339531,30
6,180,M_gen,0.3898726188,0.08647600936,0.3723800801,0.3389843992,0.4051471134,30
6,182,M_gen,0.3819415306,0.0879516849,0.3613263022,0.330790879,0.4153917537,30
6,184,M_gen,0.3758318309,0.08925516282,0.3613937388,0.3262972476,0.393789824,30
6,186,M_gen,0.3815073554,0.07949457543,0.3615656904,0.3333545345,0.4049533173,30
6,188,M_gen,0.3840019628,0.07871034393,0.3740645483,0.3239081044,0.4238576767,30
6,190,M_gen,0.3822493979,0.07601554107,0.3645993548,0.3375362089,0.4075949145,30
6,192,M_gen,0.3853489781,0.07834923761,0.3662716929,0.3300386403,0.410457368,30
6,194,M_gen,0.3708869748,0.07922212636,0.3496483175,0.3199446616,0.3930895151,30
6,196,M_gen,0.3752797556,0.08245027984,0.3474015825,0.3208132938,0.4182061903,30
6,198,M_gen,0.3785119115,0.08193621443,0.3542115486,0.3260947043,0.4166843386,30
6,200,M_gen,0.387075027,0.08177437845,0.3656658357,0.3355772544,0.4180170554,30
6,202,M_gen,0.3829436366,0.08648622102,0.3527066648,0.3201273985,0.4200925308,30
6,204,M_gen,0.3881497266,0.08189691417,0.3556186876,0.3402713881,0.4257670192,30
6,206,M_gen,0.3906691295,0.08587516092,0.3707803508,0.3339138819,0.4132636062,30
6,208,M_gen,0.3794446911,0.08673574725,0.3571006765,0.3291552436,0.4078641128,30
6,210,M_gen,0.3837971138,0.08605260099,0.3747767703,0.3236010189,0.4176150199,30
6,212,M_gen,0.3843909989,0.0795851636,0.3715334096,0.3409511418,0.4147880588,30
6,214,M_gen,0.3847442059,0.07346977836,0.3571219768,0.3436864089,0.4038764419,30
6,216,M_gen,0.3751689606,0.08049457144,0.3525158924,0.3241518531,0.3898535654,30
6,218,M_gen,0.3846228535,0.07521439231,0.3695067416,0.3358190281,0.4094663013,30
6,220,M_gen,0.3863440053,0.08291424064,0.3608470327,0.3370923064,0.4091763103,30
6,222,M_gen,0.3713959243,0.07946932761,0.346731339,0.3276336146,0.4012427704,30
6,224,M_gen,0.3732351201,0.07460866702,0.3535041894,0.3363704928,0.3940231612,30
6,226,M_gen,0.3755953684,0.07865138702,0.3558467136,0.3280827271,0.3974031194,30
6,228,M_gen,0.3778465696,0.0839983052,0.3622746645,0.3211163826,0.3988273712,30
6,230,M_gen,0.3908844749,0.09093086515,0.364531715,0.3408253847,0.4001074448,30
6,232,M_gen,0.3897726758,0.08846411775,0.3722109619,0.332066054,0.4093269061,30
6,234,M_gen,0.3828967148,0.08128736182,0.3694802791,0.3352577101,0.3936622392,30
6,236,M_gen,0.381768976,0.08137941619,0.3629318034,0.3369830582,0.4007908429,30
6,238,M_gen,0.3840784261,0.07995175228,0.369000143,0.3401166624,0.4024067874,30
6,240,M_gen,0.3902619254,0.0866421483,0.3669891694,0.3405542815,0.426057353,30
6,242,M_gen,0.3920705755,0.0770186334,0.3854887003,0.3334806233,0.4317940488,30
6,244,M_gen,0.379802947,0.07962965003,0.3673377381,0.3240029295,0.4167415442,30
6,246,M_gen,0.372221662,0.08037627537,0.3499599932,0.3203093416,0.4000524534,30
6,248,M_gen,0.3692634497,0.0767360381,0.3505043334,0.3227243094,0.3863391823,30
6,250,M_gen,0.3734567031,0.07544918789,0.3558456111,0.3403670039,0.3833639606,30
6,252,M_gen,0.3781637147,0.07337269016,0.3586268809,0.3287737928,0.4127007905,30
6,254,M_gen,0.3808297694,0.07397441951,0.3594953789,0.3379180941,0.3930644175,30
6,256,M_gen,0.3761755739,0.08011453812,0.3624053926,0.317274174,0.4029051747,30
6,258,M_gen,0.3862784767,0.08106120445,0.3621306468,0.3323398131,0.4097155102,30
6,260,M_gen,0.3778385847,0.08716978988,0.3521638724,0.3183894111,0.4073175822,30
6,262,M_gen,0.3841597376,0.08514031782,0.3588792327,0.3259917567,0.4244094505,30
6,264,M_gen,0.3893265227,0.08794697643,0.3751835945,0.3329197002,0.4278119445,30
6,266,M_gen,0.3899462749,0.0896551356,0.3603231585,0.3319783998,0.4405577308,30
6,268,M_gen,0.3803889522,0.09637138192,0.3709056185,0.3225410108,0.3969689106,30
6,270,M_gen,0.3779507017,0.09482706321,0.3439117753,0.3179896108,0.4145337758,30
6,272,M_gen,0.3822137698,0.09018467808,0.3633168288,0.3353599529,0.3971147183,30
6,274,M_gen,0.3734669448,0.09458022016,0.3441488076,0.3170158748,0.3916165718,30
6,276,M_gen,0.379789741,0.08633656323,0.3600578681,0.3309633402,0.4031372731,30
6,278,M_gen,0.3798763431,0.07522744214,0.3572250869,0.33955297,0.3956219186,30
6,280,M_gen,0.3857953833,0.08010996807,0.3719813359,0.3364850572,0.4276397199,30
6,282,M_gen,0.3988187352,0.07922968108,0.3859491775,0.3451736803,0.4386266511,30
6,284,M_gen,0.3841578041,0.07734386002,0.3712732545,0.3333066748,0.4125823506,30
6,286,M_gen,0.3789364566,0.07717387552,0.3595709763,0.3315782012,0.4108078962,30
6,288,M_gen,0.3773025269,0.08102292846,0.3671087485,0.3148698413,0.4070482248,30
6,290,M_gen,0.3860550986,0.0838722672,0.3806668848,0.328922306,0.4289381208,30
6,292,M_gen,0.3855058043,0.08309508131,0.3649214426,0.333468542,0.4267898656,30
6,294,M_gen,0.3814294555,0.08931801599,0.35909637,0.3312978906,0.4015972506,30
6,296,M_gen,0.3814410285,0.08651134931,0.3654408787,0.3250011243,0.4191670049,30
6,298,M_gen,0.3900405565,0.08960416154,0.3630622173,0.3347066996,0.4227195668,30
6,300,M_gen,0.3904500355,0.08337095022,0.3737212027,0.3375509662,0.4116343172,30
6,302,M_gen,0.3892983929,0.08525964615,0.3621821331,0.335552515,0.4354009244,30
6,304,M_gen,0.3716188327,0.08114136869,0.3493994074,0.3182257294,0.3997816928,30
6,306,M_gen,0.3744912578,0.07832908438,0.3572733617,0.3182775809,0.4009331165,30
6,308,M_gen,0.3782365063,0.08133027197,0.3498718369,0.3257083299,0.3974629597,30
6,310,M_gen,0.3755123785,0.07549056686,0.3631870731,0.3296113968,0.3954811495,30
6,312,M_gen,0.3839305208,0.07713267068,0.3699549252,0.3258360776,0.4217218748,30
6,314,M_gen,0.3832457796,0.07364941362,0.3729798635,0.3279470765,0.4162080178,30
6,316,M_gen,0.375969827,0.07839651498,0.3567551873,0.3292513369,0.3928268162,30
6,318,M_gen,0.3853933292,0.08137229289,0.3772439282,0.3282613357,0.4027515827,30
6,320,M_gen,0.3871311903,0.08489866559,0.3606910488,0.3396075867,0.3933296689,30
6,322,M_gen,0.3933676054,0.08996480168,0.3642565712,0.348116259,0.4286469018,30
6,324,M_gen,0.3928241865,0.08926961193,0.3695077629,0.34170623,0.4317703576,30
6,326,M_gen,0.3753142399,0.09381982026,0.3494644744,0.3203047577,0.3969746341,30
6,328,M_gen,0.383821935,0.09102593502,0.368866304,0.3298771338,0.401321082,30
6,330,M_gen,0.3750927396,0.08884764077,0.3634949195,0.3332576909,0.3875638001,30
6,332,M_gen,0.3810487748,0.08580621553,0.3543161871,0.3355711347,0.3882988925,30
6,334,M_gen,0.3838451825,0.08570319627,0.367898704,0.3431328652,0.3916562929,30
6,336,M_gen,0.3781169367,0.08369310662,0.3491412801,0.3181706413,0.4152086102,30
6,338,M_gen,0.3770549249,0.08080400282,0.3602320606,0.3184427252,0.4131282313,30
6,340,M_gen,0.3810498903,0.07912695587,0.3606462896,0.32583678,0.4211935644,30
6,342,M_gen,0.3810657045,0.07795480644,0.3533994134,0.3297443124,0.4158706349,30
6,344,M_gen,0.3783436218,0.07032049986,0.3645265688,0.3329314674,0.4099555732,30
6,346,M_gen,0.3771717659,0.07406582267,0.3467935856,0.3240276416,0.4190229083,30
6,348,M_gen,0.3841090938,0.07646082042,0.3691970598,0.3324870712,0.4349410117,30
6,350,M_gen,0.3804556834,0.07545932685,0.3665709406,0.3290409044,0.4087746631,30
6,352,M_gen,0.3852343119,0.07519603006,0.374217967,0.3362184985,0.4053250998,30
6,354,M_gen,0.3746476463,0.07367254457,0.3612546471,0.3311699768,0.3975102101,30
6,356,M_gen,0.3736551854,0.07526952263,0.3603753323,0.3379600452,0.3881759273,30
6,358,M_gen,0.3771750864,0.08066448998,0.3546801482,0.3379982472,0.4062331863,30
6,360,M_gen,0.3773808042,0.08130856823,0.3482439915,0.334648923,0.4014072133,30
6,362,M_gen,0.3701481247,0.07852892941,0.3403523327,0.3217759788,0.4034744049,30
6,364,M_gen,0.3806506857,0.07747987053,0.3714186776,0.3344258186,0.4065108193,30
6,366,M_gen,0.3849833599,0.08334947745,0.3598625605,0.330908325,0.4427169492,30
6,368,M_gen,0.3827209289,0.0761939595,0.355405999,0.3379506242,0.4212971686,30
6,370,M_gen,0.3793676812,0.07868209752,0.3658789243,0.3225954415,0.4080434105,30
6,372,M_gen,0.3808857069,0.08490491183,0.3568207402,0.3259685414,0.4005956525,30
6,374,M_gen,0.3841524307,0.0855030019,0.3583932942,0.3313804368,0.4175644663,30
6,376,M_gen,0.3939015793,0.09012781304,0.37481638,0.336953691,0.4304189353,30
6,378,M_gen,0.3852025414,0.0929811107,0.3628164168,0.3423426348,0.4219837077,30
6,380,M_gen,0.3773233665,0.09411848918,0.3631418018,0.318584306,0.3950675438,30
6,382,M_gen,0.3902417747,0.09374264417,0.3720865835,0.3369261073,0.4202410739,30
6,384,M_gen,0.3991006663,0.09396013536,0.3661769643,0.3421741111,0.4371202304,30
6,386,M_gen,0.3899591294,0.0921728198,0.3683627444,0.3403054654,0.4037699149,30
6,388,M_gen,0.3717146379,0.09198533329,0.3532652715,0.3194600553,0.3955465422,30
6,390,M_gen,0.3772834267,0.08808692082,0.3565928404,0.3331938409,0.3989067117,30
6,392,M_gen,0.3805912022,0.0828962313,0.3540541536,0.3327597139,0.4126257807,30
6,394,M_gen,0.3794425017,0.07930291203,0.3603993766,0.3278382701,0.4129559749,30
6,396,M_gen,0.3843507398,0.07981604534,0.3602336322,0.3323203388,0.4108222605,30
6,398,M_gen,0.3758405663,0.0819375444,0.3562144542,0.3239878516,0.4010143031,30
6,400,M_gen,0.3755800825,0.08156647406,0.3678058852,0.3088219095,0.3898633447,30
7,0,M_gen,1,2.646930473e-15,1,1,1,30
7,2,M_gen,0.4934271303,0.169853373,0.4866828169,0.3601940172,0.6001827114,30
7,4,M_gen,0.3229419252,0.1616988509,0.2608786589,0.2058017559,0.3982559258,30
7,6,M_gen,0.2699865084,0.1330257022,0.2148934238,0.1906063421,0.2906204362,30
7,8,M_gen,0.247055406,0.110726543,0.2080892149,0.1855190512,0.2505132504,30
7,10,M_gen,0.2377028819,0.09739445225,0.2062881162,0.1842314455,0.2429149891,30
7,12,M_gen,0.2357044673,0.08760283803,0.2028546529,0.1947035253,0.2468026824,30
7,14,M_gen,0.2384246732,0.07957088711,0.213155538,0.1955123602,0.2439269981,30
7,16,M_gen,0.2413279077,0.07347257943,0.213526969,0.2022323811,0.2507367388,30
7,18,M_gen,0.2401644195,0.07086518278,0.2215944054,0.1996974263,0.2543695906,30
7,20,M_gen,0.2381251219,0.06712768838,0.2271494605,0.2034932495,0.2465717389,30
7,22,M_gen,0.2434330629,0.06508148016,0.2293916704,0.2037236931,0.2567243811,30
7,24,M_gen,0.2491934999,0.06405796564,0.2360346146,0.2168112758,0.2655538848,30
7,26,M_gen,0.2499879368,0.06364103205,0.2384260574,0.2100096032,0.2641653675,30
7,28,M_gen,0.2509379487,0.06536867092,0.247940881,0.2132662593,0.2646125143,30
7,30,M_gen,0.2571090929,0.0710551622,0.2443248174,0.2096713585,0.2788283083,30
7,32,M_gen,0.255630464,0.07264344216,0.234003188,0.2126645126,0.279064836,30
7,34,M_gen,0.2544313763,0.0750390971,0.2353612047,0.2084549063,0.2773237776,30
7,36,M_gen,0.2598009614,0.0749037612,0.2392802698,0.214181684,0.2704300727,30
7,38,M_gen,0.2709241821,0.07712224651,0.2651863556,0.2143360859,0.2902378106,30
7,40,M_gen,0.2705950093,0.0821355175,0.2533187528,0.2251637642,0.2914096653,30
7,42,M_gen,0.2736941859,0.08590160364,0.2488182344,0.2161180888,0.2975350559,30
7,44,M_gen,0.2731369512,0.09255559792,0.2431228957,0.2138841943,0.3067626845,30
7,46,M_gen,0.2704210578,0.09092519147,0.2385006909,0.2135324166,0.2824325394,30
7,48,M_gen,0.2687193992,0.08759185395,0.241751463,0.2158928683,0.285304369,30
7,50,M_gen,0.265246008,0.08901586003,0.238619596,0.2094467371,0.2875512345,30
7,52,M_gen,0.2669967041,0.08898058897,0.2461388351,0.2201653257,0.2797436792,30
7,54,M_gen,0.2690430928,0.08800142281,0.254286265,0.2124297925,0.2965797396,30
7,56,M_gen,0.2692259173,0.08630292895,0.2424021107,0.2183516768,0.2995586812,30
7,58,M_gen,0.2720282155,0.0849172233,0.2590516101,0.2122571457,0.2965555009,30
7,60,M_gen,0.2728142606,0.08574142769,0.2596066173,0.2127447246,0.2921762304,30
7,62,M_gen,0.2777831893,0.08556077128,0.2527991893,0.2258800475,0.3009291173,30
7,64,M_gen,0.273564374,0.08737555937,0.2497507984,0.2172595276,0.300764404,30
7,66,M_gen,0.2695424335,0.08481414513,0.2432922384,0.2106024973,0.2909523065,30
7,68,M_gen,0.2706215946,0.08485164448,0.2504348363,0.2134528231,0.2927647748,30
7,70,M_gen,0.2733180838,0.08058121676,0.2554752388,0.2287468227,0.2940314055,30
7,72,M_gen,0.2727408277,0.08162555689,0.248684255,0.2296293493,0.2779081644,30
7,74,M_gen,0.2718693081,0.0823320934,0.2456467589,0.221805489,0.2775963442,30
7,76,M_gen,0.2724934526,0.08226789394,0.2548892115,0.2115678852,0.2949341285,30
7,78,M_gen,0.2672558406,0.08366556008,0.2387868098,0.2155832509,0.2952612933,30
7,80,M_gen,0.26804051,0.08525369509,0.2331282638,0.2068494414,0.3019821877,30
7,82,M_gen,0.2698794113,0.08608024012,0.2441856022,0.2053541927,0.3045239991,30
7,84,M_gen,0.2749915972,0.08261891837,0.2640715815,0.2123330567,0.3025412114,30
7,86,M_gen,0.2692776325,0.08385910784,0.2432616308,0.2095143571,0.2931889314,30
7,88,M_gen,0.2688330481,0.08138390855,0.2435627519,0.2159911595,0.2961961052,30
7,90,M_gen,0.2698206619,0.07695586617,0.2474393598,0.2217678008,0.3004576943,30
7,92,M_gen,0.2666235726,0.07730914656,0.2420815319,0.2094851804,0.2977953232,30
7,94,M_gen,0.2683355813,0.07530067346,0.2392255049,0.2158348676,0.3089491983,30
7,96,M_gen,0.2675640302,0.07743456275,0.2443811142,0.2125754294,0.3023528099,30
7,98,M_gen,0.2686086664,0.07754836239,0.2444747482,0.2163502545,0.2944945626,30
7,100,M_gen,0.2653733409,0.07899789749,0.2535804572,0.2035666955,0.2980643597,30
7,102,M_gen,0.2644419334,0.07902304311,0.2474576953,0.2121333003,0.2959730125,30
7,104,M_gen,0.2705979578,0.08179444645,0.2503703211,0.2182710588,0.2848531264,30
7,106,M_gen,0.2695556401,0.07988231584,0.2497626219,0.2206552074,0.2943340612,30
7,108,M_gen,0.2703259058,0.08002108234,0.258338247,0.217606061,0.2971283797,30
7,110,M_gen,0.271441917,0.07913347618,0.2457554263,0.2240794753,0.2935401511,30
7,112,M_gen,0.2692739792,0.08197779908,0.2456819102,0.2250685404,0.286205428,30
7,114,M_gen,0.2663402884,0.08276339552,0.244814222,0.2135734379,0.2837845847,30
7,116,M_gen,0.2681082295,0.08163882083,0.2458613531,0.2219363039,0.2830799225,30
7,118,M_gen,0.2696459403,0.0809422975,0.256816798,0.2131298842,0.2855357144,30
7,120,M_gen,0.2702202808,0.080908535,0.2625168894,0.2081052483,0.3047740524,30
7,122,M_gen,0.2676998628,0.07856962495,0.2369902757,0.2193189778,0.2978366364,30
7,124,M_gen,0.2725543451,0.0782938601,0.2553292914,0.2318867329,0.2984548094,30
7,126,M_gen,0.2702743841,0.07852912574,0.2502071318,0.2199740771,0.2849208365,30
7,128,M_gen,0.2656153877,0.07770387246,0.2595600632,0.2148194485,0.2898350482,30
7,130,M_gen,0.262462505,0.07391946885,0.2520528611,0.2154652719,0.2859913496,30
7,132,M_gen,0.2619744439,0.07184033358,0.2537142427,0.207532605,0.2826946163,30
7,134,M_gen,0.2614600866,0.07174180501,0.2553024042,0.2062639524,0.2885855194,30
7,136,M_gen,0.2638561081,0.07000719893,0.2494283557,0.218130879,0.2904153416,30
7,138,M_gen,0.2626412001,0.07101786567,0.2451046993,0.2114698312,0.279079862,30
7,140,M_gen,0.2648580443,0.07476865254,0.2429346685,0.2267937894,0.2764081319,30
7,142,M_gen,0.2681849731,0.081994038,0.2431810416,0.2183637179,0.2871635885,30
7,144,M_gen,0.2730804147,0.08192042919,0.2482201546,0.2221300346,0.2874146013,30
7,146,M_gen,0.2736239301,0.08474485757,0.2525086138,0.2099666559,0.3061326527,30
7,148,M_gen,0.271408142,0.08726666828,0.2504645186,0.2217581991,0.2908505625,30
7,150,M_gen,0.2741491501,0.0890513961,0.2506695743,0.2100469425,0.2914560937,30
7,152,M_gen,0.2717230059,0.08965079636,0.2345196341,0.2195749691,0.3103239017,30
7,154,M_gen,0.2694458173,0.09138844405,0.2386549557,0.2161470354,0.3043019827,30
7,156,M_gen,0.2695214506,0.09577849271,0.230899071,0.2140029175,0.2997626899,30
7,158,M_gen,0.2734640455,0.09889155062,0.2400952369,0.2128516534,0.307682202,30
7,160,M_gen,0.2759736802,0.1007654761,0.2437931564,0.2004304091,0.302196374,30
7,162,M_gen,0.2742182094,0.09772580058,0.2541067176,0.209955764,0.2965571055,30
7,164,M_gen,0.274078374,0.09347609677,0.2528781607,0.2219410427,0.2888263181,30
7,166,M_gen,0.2713037597,0.08996437653,0.2505275082,0.2292915203,0.2793630522,30
7,168,M_gen,0.2746039714,0.09028804497,0.2547758306,0.2326312468,0.2910279836,30
7,170,M_gen,0.2716516635,0.09151821245,0.2495775433,0.2271641814,0.2737977231,30
7,172,M_gen,0.2751932979,0.09182451475,0.2514476604,0.2163413164,0.2840605214,30
7,174,M_gen,0.2753033117,0.09241880586,0.2609831947,0.2220839656,0.2934533942,30
7,176,M_gen,0.2751505136,0.08828158051,0.2475328426,0.225345386,0.296225866,30
7,178,M_gen,0.268820134,0.08820876161,0.2453156545,0.2241055251,0.2737812478,30
7,180,M_gen,0.2710206496,0.08661468315,0.2459371129,0.21603454,0.2879990272,30
7,182,M_gen,0.2692593207,0.08234290146,0.2452230647,0.218382403,0.2750951228,30
7,184,M_gen,0.2705580475,0.085419641,0.2533536644,0.206184969,0.3001052788,30
7,186,M_gen,0.2692616812,0.08360177613,0.2513680563,0.2216587588,0.2779952876,30
7,188,M_gen,0.2699902714,0.08582200362,0.2545175296,0.2112932385,0.2862781,30
7,190,M_gen,0.27085538,0.08906943516,0.2563945291,0.2149104962,0.2890167318,30
7,192,M_gen,0.2663104041,0.08488958535,0.2432986818,0.217667151,0.2923082184,30
7,194,M_gen,0.2623385072,0.09009174451,0.2357218336,0.2029523089,0.2915137681,30
7,196,M_gen,0.2683116316,0.08691220235,0.2356292328,0.2128350743,0.2965561151,30
7,198,M_gen,0.2713745838,0.085990064,0.2466730097,0.2278843522,0.2957339546,30
7,200,M_gen,0.2704774945,0.08571463491,0.2619628612,0.2092112447,0.2894013132,30
7,202,M_gen,0.2731962736,0.0849692005,0.2551976898,0.2158681182,0.3002208587,30
7,204,M_gen,0.2725193063,0.08616584552,0.2539582468,0.2145477888,0.308236044,30
7,206,M_gen,0.2728838284,0.08467100544,0.2574717817,0.2217866187,0.29662193,30
7,208,M_gen,0.2727875034,0.08750228869,0.2565550344,0.2143832065,0.2964280253,30
7,210,M_gen,0.2734806186,0.08749891586,0.2471201066,0.2219158007,0.3039949145,30
7,212,M_gen,0.2661988048,0.09136622915,0.2350032132,0.2105820826,0.2980504243,30
7,214,M_gen,0.2721687641,0.09242821335,0.2432772021,0.2091818827,0.2934814163,30
7,216,M_gen,0.2764252296,0.09075528213,0.2504354322,0.2130825837,0.2974824213,30
7,218,M_gen,0.2765916974,0.09348106966,0.2541270991,0.2115631329,0.3047525679,30
7,220,M_gen,0.2727257904,0.09740876046,0.2410181825,0.2159170133,0.2982808892,30
7,222,M_gen,0.2733321736,0.09354737137,0.2497372747,0.2168770071,0.2853281859,30
7,224,M_gen,0.2791429699,0.09170393074,0.2505017116,0.2256836542,0.2933080374,30
7,226,M_gen,0.2745075514,0.09366039487,0.2429311108,0.210524806,0.3087655251,30
7,228,M_gen,0.2766822947,0.09075821041,0.2508073125,0.2136728856,0.307971967,30
7,230,M_gen,0.2770355312,0.08694660933,0.2591095319,0.2251697999,0.2836480885,30
7,232,M_gen,0.2664017429,0.08833704886,0.2431383321,0.2157739857,0.2807265731,30
7,234,M_gen,0.2682734435,0.08667564345,0.2433666385,0.2139258137,0.2775727766,30
7,236,M_gen,0.2701952648,0.08524899338,0.2461253653,0.2211250676,0.2908815354,30
7,238,M_gen,0.2695143463,0.08284966894,0.2441766551,0.2236975218,0.2922369509,30
7,240,M_gen,0.2686506528,0.08206101471,0.2575196573,0.2243708618,0.2833868769,30
7,242,M_gen,0.2725991718,0.08095288162,0.2564704791,0.2225019231,0.2973663664,30
7,244,M_gen,0.2731638801,0.08277779489,0.2540864813,0.2191579769,0.2984652555,30
7,246,M_gen,0.2655352066,0.08327092652,0.241731393,0.2111613765,0.2887772502,30
7,248,M_gen,0.2673390184,0.08488023944,0.2437683635,0.2110609273,0.2961030785,30
7,250,M_gen,0.2682476631,0.08442567348,0.2409350002,0.2213203772,0.2858647195,30
7,252,M_gen,0.27552439,0.08177609548,0.2570461141,0.2234505133,0.2981801042,30
7,254,M_gen,0.2664486176,0.08720530406,0.2477432459,0.2063830912,0.2903634802,30
7,256,M_gen,0.2684850795,0.08345285649,0.2467302982,0.2194542685,0.2913560772,30
7,258,M_gen,0.2656904268,0.08391624907,0.2403086668,0.2113029889,0.2910257633,30
7,260,M_gen,0.2612916721,0.08446232698,0.2548312446,0.2118542864,0.2786692708,30
7,262,M_gen,0.2700782268,0.08246389798,0.2488708589,0.2171822116,0.2953185578,30
7,264,M_gen,0.2712833068,0.08330771296,0.2614223551,0.2176526747,0.2864475885,30
7,266,M_gen,0.2740572388,0.08250023635,0.2620649711,0.2205783535,0.2941670421,30
7,268,M_gen,0.2764937761,0.08389347849,0.2604640271,0.2101602074,0.3092439808,30
7,270,M_gen,0.2729547293,0.08603658287,0.2520335467,0.2078759228,0.3105303518,30
7,272,M_gen,0.2771688512,0.08792683598,0.2434526036,0.2248911147,0.3296547574,30
7,274,M_gen,0.2783274126,0.08820282922,0.2660809482,0.2134702855,0.310479389,30
7,276,M_gen,0.2781648108,0.08896311951,0.2519569952,0.2207468913,0.2946546963,30
7,278,M_gen,0.2807109627,0.08889397931,0.255998305,0.2328165404,0.3116001589,30
7,280,M_gen,0.2757598155,0.09001248327,0.2566869528,0.227131136,0.2972552115,30
7,282,M_gen,0.2732138632,0.09012844465,0.2521135769,0.2178583065,0.29532062,30
7,284,M_gen,0.2706342127,0.08858030084,0.2503412595,0.2178074552,0.2840965592,30
7,286,M_gen,0.272449739,0.0852595379,0.253812226,0.219760913,0.2889615651,30
7,288,M_gen,0.2683440007,0.08179646763,0.2451552829,0.2142373737,0.2901774424,30
7,290,M_gen,0.2685651959,0.07744720321,0.2514792373,0.2117588694,0.2944440234,30
7,292,M_gen,0.2697320431,0.07337177439,0.2575019194,0.2216273761,0.2925030175,30
7,294,M_gen,0.2665969988,0.07369328522,0.2519387876,0.2277931229,0.2937666639,30
7,296,M_gen,0.2640890758,0.07117219119,0.2520198999,0.2202161208,0.2844238438,30
7,298,M_gen,0.267322924,0.07064012418,0.2628232244,0.2196440522,0.2874930487,30
7,300,M_gen,0.263020384,0.0694881967,0.2493988984,0.2217946324,0.2830436073,30
7,302,M_gen,0.2671331535,0.0708169572,0.2429115913,0.2192174806,0.2841115524,30
7,304,M_gen,0.271501752,0.07303846836,0.2587872763,0.2265636668,0.3038587193,30
7,306,M_gen,0.2681450874,0.07547897463,0.2491431166,0.2106303718,0.3007132219,30
7,308,M_gen,0.2698524569,0.07534244225,0.2530187064,0.214924618,0.2899551153,30
7,310,M_gen,0.2686810149,0.08035822074,0.2433511154,0.2116168695,0.3120646327,30
7,312,M_gen,0.267853377,0.08117187704,0.2466472632,0.2154416972,0.3066224243,30
7,314,M_gen,0.2678234541,0.07943286043,0.2434690488,0.2131200329,0.2959232006,30
7,316,M_gen,0.2685898994,0.08175885229,0.2420565245,0.2168018039,0.283301616,30
7,318,M_gen,0.2671951837,0.08430498641,0.249629851,0.2185548721,0.2927722338,30
7,320,M_gen,0.2709261296,0.08412888398,0.2479542767,0.2172431413,0.2934401963,30
7,322,M_gen,0.2684947323,0.08441676206,0.2411829851,0.2156966967,0.2875963799,30
7,324,M_gen,0.2694355962,0.08790618944,0.2335988151,0.2106065926,0.2950681428,30
7,326,M_gen,0.2658089681,0.08390969144,0.2355839581,0.2106404144,0.2954268317,30
7,328,M_gen,0.2738777671,0.08096715263,0.2533627901,0.2110766583,0.3136915104,30
7,330,M_gen,0.270744964,0.07856644318,0.2558957263,0.2154579476,0.3020797559,30
7,332,M_gen,0.2634541715,0.08107520785,0.2398085405,0.2142002102,0.2904423297,30
7,334,M_gen,0.2684401385,0.08276682892,0.2496165538,0.2195520978,0.2945131373,30
7,336,M_gen,0.2643673659,0.08886173444,0.248375824,0.2058609504,0.2872755604,30
7,338,M_gen,0.2639400738,0.08904872139,0.237559447,0.2169805914,0.2786213979,30
7,340,M_gen,0.2736965685,0.0866426619,0.2508734239,0.2286224285,0.2881988538,30
7,342,M_gen,0.2742884109,0.08370809031,0.2589577394,0.2242591499,0.3011526676,30
7,344,M_gen,0.2677368786,0.08205337808,0.257507883,0.2179278456,0.2815871913,30
7,346,M_gen,0.2674455118,0.07917547265,0.257308612,0.2167428779,0.2866859772,30
7,348,M_gen,0.2704616335,0.07849490808,0.2481094777,0.2182869882,0.3054915337,30
7,350,M_gen,0.2767482103,0.07903789965,0.2697812222,0.215809021,0.302538695,30
7,352,M_gen,0.2718464551,0.07750493783,0.2675339482,0.2082419895,0.3104191393,30
7,354,M_gen,0.2671711519,0.07569160933,0.2517723239,0.2223947528,0.3010301966,30
7,356,M_gen,0.2636732426,0.0757021715,0.2439962054,0.2155953335,0.2966642377,30
7,358,M_gen,0.2713986818,0.07367781853,0.2496268775,0.2195778675,0.3090274999,30
7,360,M_gen,0.2701941386,0.07765854031,0.2532778473,0.2158354067,0.3097677636,30
7,362,M_gen,0.2729152562,0.08201339554,0.2403340899,0.2157650121,0.2981707332,30
7,364,M_gen,0.2749417694,0.08035263532,0.2543710871,0.2259302434,0.2839837335,30
7,366,M_gen,0.270629062,0.08595322763,0.249479248,0.219156835,0.2773271512,30
7,368,M_gen,0.268114193,0.08986852643,0.246736162,0.209170526,0.2890960908,30
7,370,M_gen,0.2700241936,0.09159270989,0.2399659592,0.211086512,0.2905913073,30
7,372,M_gen,0.2741881386,0.08847577925,0.2495010002,0.2137108195,0.2849125237,30
7,374,M_gen,0.2749578286,0.09125440831,0.2454129163,0.2322171488,0.3015106417,30
7,376,M_gen,0.2735531909,0.08985814784,0.2494734317,0.2226194932,0.3024821644,30
7,378,M_gen,0.2700340884,0.08863024357,0.2354065465,0.2193700522,0.2988557025,30
7,380,M_gen,0.2730515685,0.08617161679,0.2448537332,0.218452471,0.2914208082,30
7,382,M_gen,0.2671532326,0.08792976707,0.2444642543,0.2103842501,0.2941206493,30
7,384,M_gen,0.2643808077,0.08695925912,0.2406214065,0.2127761637,0.2717932278,30
7,386,M_gen,0.2673530831,0.08719761636,0.2406042204,0.2197298741,0.2833923539,30
7,388,M_gen,0.2744607678,0.08996167438,0.2525777071,0.2223704845,0.2913221792,30
7,390,M_gen,0.2710280232,0.09166176195,0.244325291,0.2212841324,0.2890198179,30
7,392,M_gen,0.2694345433,0.0932982476,0.239884008,0.2162762954,0.3027501468,30
7,394,M_gen,0.2675670214,0.0926620214,0.2365120875,0.2167577688,0.2934004091,30
7,396,M_gen,0.2698132617,0.09113404387,0.2538701004,0.215048567,0.2880932888,30
7,398,M_gen,0.2701372544,0.08995937338,0.2539924709,0.210848764,0.2892094647,30
7,400,M_gen,0.2727358433,0.09159028555,0.2478613894,0.2103698257,0.3029594103,30
8,0,M_gen,1,3.492306514e-16,1,1,1,20
8,2,M_gen,0.6014717093,0.1297392876,0.5911915426,0.5402089584,0.6938043846,20
8,4,M_gen,0.3774539414,0.153341351,0.3323633962,0.3004336239,0.4689336761,20
8,6,M_gen,0.275226347,0.1445312349,0.2141793176,0.1894090367,0.3408890295,20
8,8,M_gen,0.2253655668,0.1284669992,0.1655885773,0.1484171109,0.2633585531,20
8,10,M_gen,0.2016438118,0.1138217691,0.1550268615,0.1378438808,0.2272092237,20
8,12,M_gen,0.191294584,0.09965931501,0.1564534601,0.1386616433,0.2088867789,20
8,14,M_gen,0.1833104232,0.08926862966,0.1525118569,0.140799632,0.1968042761,20
8,16,M_gen,0.1820187699,0.07988718785,0.1565482788,0.1402975815,0.1915930309,20
8,18,M_gen,0.1777305252,0.07523266217,0.1543364408,0.1403783818,0.1861770084,20
8,20,M_gen,0.1771339135,0.07119768828,0.1597069103,0.1414410064,0.193063869,20
8,22,M_gen,0.1783164148,0.06651035259,0.1626177016,0.1477640434,0.1884320948,20
8,24,M_gen,0.1777947042,0.06418851167,0.1652654906,0.142056283,0.1821622315,20
8,26,M_gen,0.1761119674,0.06261489625,0.1609768331,0.1470133613,0.1900525613,20
8,28,M_gen,0.174513031,0.06051083545,0.1635174312,0.1415087824,0.1828136544,20
8,30,M_gen,0.1772058041,0.05667257055,0.1664401984,0.1499961481,0.1830601712,20
8,32,M_gen,0.1819102578,0.0552927966,0.1735305342,0.1511073308,0.1986736393,20
8,34,M_gen,0.1829260243,0.05408875793,0.1697902246,0.1479342514,0.2005547183,20
8,36,M_gen,0.1882297252,0.05544935627,0.174613373,0.1494137197,0.2051994304,20
8,38,M_gen,0.191716675,0.05407067943,0.1838357995,0.1530107493,0.2078804744,20
8,40,M_gen,0.1879921476,0.05358096802,0.1856788899,0.1497288039,0.1995773781,20
8,42,M_gen,0.1899051926,0.05496763897,0.1850964027,0.1563792823,0.2077078413,20
8,44,M_gen,0.1910450921,0.05419033901,0.1782958325,0.1544098866,0.2083412742,20
8,46,M_gen,0.1915646781,0.05652665202,0.1784624936,0.1517271838,0.2074571484,20
8,48,M_gen,0.1908191671,0.05906016257,0.1723682669,0.1533465372,0.2128941895,20
8,50,M_gen,0.1940974876,0.05959498704,0.1827619779,0.152649434,0.2093245952,20
8,52,M_gen,0.1952163045,0.05962503814,0.1824558241,0.1519730642,0.2103966494,20
8,54,M_gen,0.1975832906,0.0597602561,0.180508566,0.1561232572,0.218145823,20
8,56,M_gen,0.2030418135,0.06009389498,0.1945960694,0.1587193229,0.2225583833,20
8,58,M_gen,0.2032963412,0.0604777234,0.1842967901,0.1621319511,0.2247770848,20
8,60,M_gen,0.2039920831,0.06033519162,0.1742389073,0.1613647355,0.2346203627,20
8,62,M_gen,0.2045194021,0.05896410287,0.1893750929,0.1626531482,0.2275901602,20
8,64,M_gen,0.2029326266,0.05867280129,0.1879679885,0.1591029404,0.2276751563,20
8,66,M_gen,0.20081535,0.06055428047,0.1797471854,0.1586561528,0.2218598144,20
8,68,M_gen,0.2037578881,0.05844600174,0.1801949663,0.168089675,0.223304939,20
8,70,M_gen,0.2007779381,0.05678061403,0.1802966598,0.1661682992,0.206985447,20
8,72,M_gen,0.1993204442,0.0561010819,0.1867107035,0.1699604909,0.2035615056,20
8,74,M_gen,0.201330645,0.05668268953,0.1903411036,0.1726060636,0.215503524,20
8,76,M_gen,0.2019029959,0.05415803373,0.1869680106,0.1695405789,0.2149706535,20
8,78,M_gen,0.2007733868,0.05529129139,0.1873267024,0.1705846782,0.2087657576,20
8,80,M_gen,0.2008654243,0.05595690608,0.1886055003,0.1719018772,0.2088405003,20
8,82,M_gen,0.2033675312,0.05431699973,0.1848303978,0.1743216764,0.2161712101,20
8,84,M_gen,0.2042914899,0.05622368283,0.1908957936,0.167581948,0.2226097847,20
8,86,M_gen,0.2011968358,0.06235266555,0.180751477,0.1681178709,0.2285864708,20
8,88,M_gen,0.2018379162,0.06273933189,0.1830317115,0.1586562349,0.2320000943,20
8,90,M_gen,0.2075244481,0.06217151536,0.1851219018,0.1666075857,0.2319465321,20
8,92,M_gen,0.2052693739,0.06674167028,0.1845698884,0.1602551627,0.2371702799,20
8,94,M_gen,0.2066540197,0.06790075175,0.1867269916,0.1587142693,0.2405547865,20
8,96,M_gen,0.2085315135,0.06877176971,0.1926982489,0.1591014188,0.2449778042,20
8,98,M_gen,0.21011959,0.06900664917,0.1873898287,0.162177774,0.2390693212,20
8,100,M_gen,0.2102311358,0.07109042639,0.1863111365,0.1670419419,0.225968413,20
8,102,M_gen,0.2098564038,0.07668679911,0.186607968,0.1663041411,0.2174405014,20
8,104,M_gen,0.2123979523,0.0784379924,0.191971555,0.1701281217,0.2235958568,20
8,106,M_gen,0.2105100987,0.07905631827,0.1901047986,0.1650868599,0.2193280317,20
8,108,M_gen,0.2150781854,0.07604996272,0.1942107031,0.166858879,0.2277092386,20
8,110,M_gen,0.2111682007,0.07747579622,0.203863264,0.1586838375,0.2316326911,20
8,112,M_gen,0.2093862866,0.0748358329,0.205256896,0.1573573334,0.2215491001,20
8,114,M_gen,0.2067185588,0.07478583916,0.1898633901,0.1641033965,0.2162885284,20
8,116,M_gen,0.2034447922,0.07346005338,0.1847638509,0.1565763112,0.2117253003,20
8,118,M_gen,0.2028058646,0.07391365395,0.1844366428,0.1538607511,0.2221652959,20
8,120,M_gen,0.2034889748,0.07133303737,0.186561717,0.1576873167,0.2152194013,20
8,122,M_gen,0.2051309315,0.07054407714,0.1886449416,0.1564309611,0.2264771737,20
8,124,M_gen,0.2046487869,0.07234177677,0.1748112626,0.1644458687,0.2181946671,20
8,126,M_gen,0.2100869649,0.07051285261,0.1857558685,0.1673584909,0.2296747041,20
8,128,M_gen,0.2129298999,0.07112500673,0.1881338967,0.1721930948,0.2232512379,20
8,130,M_gen,0.2162661823,0.06984559659,0.1963894813,0.1717128222,0.2216760958,20
8,132,M_gen,0.2165484153,0.07140512657,0.2030657843,0.1682827248,0.237231691,20
8,134,M_gen,0.2161979405,0.06765046543,0.1972440954,0.1739783899,0.2309173025,20
8,136,M_gen,0.2117900687,0.06819737994,0.1933554558,0.1662180045,0.2268207839,20
8,138,M_gen,0.2082598167,0.06929347769,0.1867214928,0.1656309357,0.2215077007,20
8,140,M_gen,0.2070422048,0.06840539662,0.1874024471,0.1609050976,0.2144688406,20
8,142,M_gen,0.2090482581,0.06780340699,0.1882803104,0.1688034191,0.218640172,20
8,144,M_gen,0.2053457152,0.06906399961,0.1866670257,0.161840904,0.2142182664,20
8,146,M_gen,0.2060844287,0.06995389599,0.1829147598,0.1594883207,0.2197503564,20
8,148,M_gen,0.2085215921,0.07233999156,0.1922779583,0.1642815606,0.226230715,20
8,150,M_gen,0.209835298,0.06978191717,0.1934670479,0.1670817639,0.2328320645,20
8,152,M_gen,0.2069853015,0.06929731123,0.1852533115,0.1680126158,0.2259362743,20
8,154,M_gen,0.2052978413,0.06867467052,0.176647896,0.1676479284,0.2319751106,20
8,156,M_gen,0.2044056788,0.06789877057,0.1788189706,0.16177981,0.2330848691,20
8,158,M_gen,0.2127920885,0.06518479555,0.1931545571,0.1700720237,0.2331079908,20
8,160,M_gen,0.2138925733,0.06737063906,0.1914847804,0.173674887,0.2416764935,20
8,162,M_gen,0.2090106605,0.0664276911,0.1844326417,0.1698821674,0.2463377792,20
8,164,M_gen,0.2113636084,0.06610746564,0.1818239451,0.1668410568,0.2474891213,20
8,166,M_gen,0.2115735004,0.06882366156,0.1865711015,0.1623222737,0.2516471779,20
8,168,M_gen,0.2126052678,0.0686843689,0.191350069,0.1655900965,0.2509696824,20
8,170,M_gen,0.2105699792,0.06973455408,0.1894420563,0.1643164192,0.2500143703,20
8,172,M_gen,0.2091657924,0.06812873356,0.1891008683,0.161999658,0.23519507,20
8,174,M_gen,0.2069051333,0.0671863023,0.183429927,0.1652883274,0.2285958718,20
8,176,M_gen,0.2035203653,0.06755265028,0.1815803663,0.1607094799,0.2215799724,20
8,178,M_gen,0.203174307,0.06890816971,0.1821755416,0.1558011695,0.2253570377,20
8,180,M_gen,0.2098942262,0.06909755401,0.1868900522,0.1689644223,0.2415219366,20
8,182,M_gen,0.2120292391,0.068835619,0.1874951452,0.1724169694,0.234362241,20
8,184,M_gen,0.2115083422,0.07194588066,0.1951976652,0.1612710261,0.23836395,20
8,186,M_gen,0.2138971355,0.07136326296,0.1827552291,0.1707582856,0.2363221991,20
8,188,M_gen,0.2146379676,0.06937942718,0.1953208373,0.1636327733,0.2331059854,20
8,190,M_gen,0.2131853487,0.06748475346,0.1906619246,0.1613959754,0.229883263,20
8,192,M_gen,0.2097096499,0.06879138349,0.1836694867,0.1662356939,0.2324814158,20
8,194,M_gen,0.2101708903,0.07133651934,0.1865730665,0.1556701355,0.2411791066,20
8,196,M_gen,0.2094831869,0.06948679598,0.1815491212,0.1650152754,0.2227228373,20
8,198,M_gen,0.2084222755,0.07204621064,0.1914538659,0.1680672267,0.2242030634,20
8,200,M_gen,0.212566324,0.07132790714,0.1967822968,0.1696379258,0.2244193894,20
8,202,M_gen,0.2099901419,0.06922913309,0.1908683212,0.1646441386,0.2260519234,20
8,204,M_gen,0.2099892569,0.06695798852,0.1972383201,0.1660370981,0.2233583481,20
8,206,M_gen,0.210420211,0.06674558877,0.1950142951,0.1705580815,0.2210332732,20
8,208,M_gen,0.211698295,0.0669126208,0.1915664887,0.1674755849,0.2325693764,20
8,210,M_gen,0.2109701866,0.06777324155,0.1945610031,0.1591046936,0.2286442222,20
8,212,M_gen,0.2088047111,0.06883446496,0.1841796088,0.1645842665,0.2253951358,20
8,214,M_gen,0.2063300685,0.06818493435,0.179166398,0.1615297115,0.2203158545,20
8,216,M_gen,0.2078353185,0.06778377272,0.1905826258,0.1608251619,0.2168263229,20
8,218,M_gen,0.2081076781,0.06998423676,0.1873808888,0.1635478707,0.2185434608,20
8,220,M_gen,0.2031896195,0.07199497933,0.1741890771,0.1595435944,0.2204541828,20
8,222,M_gen,0.2063329338,0.07129844521,0.1866890094,0.169657061,0.229474273,20
8,224,M_gen,0.2058069027,0.06927166394,0.1904919858,0.1641303696,0.2227175007,20
8,226,M_gen,0.2055750958,0.06760271682,0.1899466549,0.1731020639,0.2147021172,20
8,228,M_gen,0.208204623,0.06952333549,0.1959869893,0.1675366756,0.2219047576,20
8,230,M_gen,0.211143545,0.06969654226,0.1934354461,0.1560712788,0.2394126239,20
8,232,M_gen,0.2129460718,0.07081514824,0.2124021069,0.1572912795,0.2332969011,20
8,234,M_gen,0.2131245092,0.06823773541,0.2069919951,0.1615160659,0.2362672714,20
8,236,M_gen,0.2095672307,0.06667590591,0.1900682525,0.165330648,0.24505739,20
8,238,M_gen,0.2107898433,0.06546697179,0.1865949719,0.1722964228,0.2499099881,20
8,240,M_gen,0.2103771884,0.06686316339,0.1934058121,0.1601288899,0.2421892976,20
8,242,M_gen,0.2106484745,0.06763225951,0.1942816499,0.1635862292,0.2338917754,20
8,244,M_gen,0.2105520833,0.06802622082,0.189460537,0.1678311239,0.2364779663,20
8,246,M_gen,0.2092866538,0.06893824669,0.1887334948,0.1674333451,0.2402040075,20
8,248,M_gen,0.2083475535,0.06857784621,0.185903074,0.1643983572,0.2353267982,20
8,250,M_gen,0.2102602239,0.06771424614,0.1958406733,0.1655521491,0.226873797,20
8,252,M_gen,0.2140158662,0.06876804258,0.1965801864,0.1690730025,0.2335460549,20
8,254,M_gen,0.2119037157,0.07004464529,0.1893480084,0.1674253095,0.2286684422,20
8,256,M_gen,0.2100190744,0.0721011848,0.1894232047,0.1624793027,0.2382857119,20
8,258,M_gen,0.2083746086,0.07065931528,0.1755665456,0.1663116028,0.2300943339,20
8,260,M_gen,0.2090049775,0.06907771645,0.1807819872,0.1724737125,0.2254272696,20
8,262,M_gen,0.2108950068,0.06789837989,0.1868771198,0.1784418175,0.2169176029,20
8,264,M_gen,0.2128773626,0.06944867659,0.1950639967,0.166249186,0.2288306161,20
8,266,M_gen,0.2104977189,0.07252620592,0.1962237382,0.1627192984,0.2222636417,20
8,268,M_gen,0.2075129747,0.07527595321,0.1947635495,0.1617332994,0.2169990067,20
8,270,M_gen,0.2075455092,0.0777637787,0.1962903816,0.1596639455,0.2084280577,20
8,272,M_gen,0.2090003225,0.07905814522,0.1899922179,0.1646383029,0.212382816,20
8,274,M_gen,0.2058769083,0.07955366353,0.193955198,0.1590337837,0.210789733,20
8,276,M_gen,0.2063876387,0.08077593315,0.1859420712,0.1572946413,0.2174322565,20
8,278,M_gen,0.2071687334,0.08086176528,0.1842176726,0.1533934288,0.2227691386,20
8,280,M_gen,0.2083923555,0.07931774553,0.1794739043,0.1599318674,0.2216828401,20
8,282,M_gen,0.2087625914,0.07909449754,0.1757090705,0.1544434845,0.2207235454,20
8,284,M_gen,0.213236347,0.07749871329,0.1841072893,0.1619791046,0.2306734598,20
8,286,M_gen,0.2121732618,0.07556310249,0.1961418758,0.1623638934,0.2237843367,20
8,288,M_gen,0.2126206391,0.07367367793,0.187894952,0.1712951805,0.2283469062,20
8,290,M_gen,0.2104696833,0.07146340379,0.1841588627,0.1678795546,0.2269117769,20
8,292,M_gen,0.2058656738,0.06967961704,0.1827696231,0.1648785176,0.2160097452,20
8,294,M_gen,0.2058020566,0.06890540976,0.1907992438,0.1662057733,0.2144241278,20
8,296,M_gen,0.206803781,0.0683465857,0.1836044945,0.1658567885,0.226409908,20
8,298,M_gen,0.2048148951,0.06934081239,0.1825765541,0.1616949805,0.2328064556,20
8,300,M_gen,0.2076235888,0.06850740153,0.1935518153,0.1682726441,0.2343325445,20
8,302,M_gen,0.2086480341,0.06874961793,0.189130198,0.1597018292,0.2353826415,20
8,304,M_gen,0.2064878993,0.06746882557,0.1854777154,0.1624278721,0.2362366849,20
8,306,M_gen,0.2092694262,0.06594910171,0.1904059773,0.1676645661,0.2451912506,20
8,308,M_gen,0.2141546869,0.06316143547,0.1972660251,0.1710888696,0.2418868236,20
8,310,M_gen,0.209311424,0.0645339147,0.1909021594,0.1623898581,0.2458929421,20
8,312,M_gen,0.2104931845,0.06482985764,0.1974435038,0.1623474416,0.2476802559,20
8,314,M_gen,0.2077289496,0.06587403501,0.1981541366,0.1598943676,0.2431283235,20
8,316,M_gen,0.2065971509,0.06902534522,0.1881445886,0.1549167398,0.2413023239,20
8,318,M_gen,0.206212961,0.06801317959,0.1866688292,0.1611465004,0.2316710294,20
8,320,M_gen,0.2050728823,0.06706197474,0.1942779513,0.1518887955,0.2352182332,20
8,322,M_gen,0.2081484337,0.06732327481,0.1914691745,0.1587610637,0.2307700689,20
8,324,M_gen,0.206809181,0.06779730251,0.1861134777,0.1589657514,0.2252452344,20
8,326,M_gen,0.2064506242,0.06865445683,0.1814520122,0.1547360376,0.2308229607,20
8,328,M_gen,0.2074170629,0.06775650272,0.1924268344,0.1563887495,0.2383651822,20
8,330,M_gen,0.2078724924,0.0683333168,0.1836864909,0.1587379219,0.2382508258,20
8,332,M_gen,0.2089912679,0.06786925363,0.1909840543,0.1623845088,0.2368200507,20
8,334,M_gen,0.2099727713,0.06675657244,0.1880908938,0.1695019655,0.2389341691,20
8,336,M_gen,0.2122063573,0.06348620466,0.1918426622,0.1678785907,0.2384590512,20
8,338,M_gen,0.2090982432,0.06134451157,0.1919628419,0.1661583785,0.2296758029,20
8,340,M_gen,0.2070939094,0.06036841462,0.1865283446,0.1643369282,0.2271383163,20
8,342,M_gen,0.210140072,0.06130156519,0.1890500147,0.1666679578,0.2462244223,20
8,344,M_gen,0.2091998335,0.06130613247,0.1888572044,0.1643696963,0.2284490592,20
8,346,M_gen,0.2057766721,0.06232965058,0.1844621654,0.1611877501,0.2298133035,20
8,348,M_gen,0.2102370505,0.06171985421,0.1913392429,0.1656649196,0.2288837528,20
8,350,M_gen,0.206395081,0.06383634951,0.1808822056,0.1669996408,0.2257695777,20
8,352,M_gen,0.2042435225,0.06472316972,0.183139585,0.1580409584,0.2219456849,20
8,354,M_gen,0.2056331508,0.06563985954,0.1856670357,0.1595672366,0.2296776578,20
8,356,M_gen,0.2051117294,0.06778953536,0.1857031105,0.1614693739,0.2269547149,20
8,358,M_gen,0.2051584013,0.07121839261,0.1804570756,0.1595481831,0.2225684569,20
8,360,M_gen,0.2042632518,0.07207601687,0.1740556788,0.1595209316,0.219568595,20
8,362,M_gen,0.200777709,0.07139458529,0.1753203291,0.1588522902,0.2104880024,20
8,364,M_gen,0.2024347198,0.07079805032,0.1792471886,0.1575474903,0.2165892583,20
8,366,M_gen,0.2062856769,0.06978402422,0.1847408015,0.1606811792,0.2149878805,20
8,368,M_gen,0.2083705699,0.06563496108,0.1843150833,0.1715868641,0.2258092636,20
8,370,M_gen,0.20975367,0.06239451286,0.1929535422,0.1715259557,0.2267835563,20
8,372,M_gen,0.207550549,0.06252496345,0.1974295385,0.1627916272,0.2236959098,20
8,374,M_gen,0.2087012807,0.06388797405,0.2004855648,0.1629066742,0.2342611662,20
8,376,M_gen,0.2102419204,0.06425776899,0.1959742563,0.1699882129,0.2258290926,20
8,378,M_gen,0.2097554124,0.0644308402,0.1914409838,0.1678115629,0.2227880409,20
8,380,M_gen,0.2100846105,0.06670805032,0.1870414315,0.171948463,0.2277141213,20
8,382,M_gen,0.2111517533,0.06744065082,0.1867270704,0.169591363,0.2459855142,20
8,384,M_gen,0.210691433,0.06724218842,0.1862767956,0.1756131246,0.2460248048,20
8,386,M_gen,0.2125471795,0.06794994902,0.1955730686,0.167959564,0.2458153447,20
8,388,M_gen,0.2138189057,0.06821003473,0.187579568,0.1749476255,0.2569497926,20
8,390,M_gen,0.2110686109,0.06951293382,0.1936212077,0.1698818798,0.243975601,20
8,392,M_gen,0.2076431194,0.06869506671,0.1831644069,0.1628340352,0.2311028925,20
8,394,M_gen,0.2072502134,0.06903419455,0.1777864925,0.1676214656,0.2291939978,20
8,396,M_gen,0.2071226031,0.06911769115,0.1809646789,0.1655418971,0.2214897633,20
8,398,M_gen,0.2086723317,0.07075498205,0.1862287401,0.1607581608,0.2304540502,20
8,400,M_gen,0.2110614089,0.07370022959,0.1891171495,0.1637406069,0.2343551382,20
9,0,M_gen,1,1.183907423e-15,1,1,1,15
9,2,M_gen,0.6753380979,0.1287878503,0.7037579758,0.580936829,0.7796332745,15
9,4,M_gen,0.466001781,0.1697785868,0.473955798,0.3269917479,0.6183480575,15
9,6,M_gen,0.3480341145,0.1712526238,0.3243240284,0.2026718981,0.5056625781,15
9,8,M_gen,0.2773083654,0.1566670246,0.2246514821,0.1418203077,0.4189149338,15
9,10,M_gen,0.2326467441,0.1389321293,0.172827546,0.1192558787,0.3475890711,15
9,12,M_gen,0.2026578405,0.1234720581,0.1425533558,0.116857168,0.2931504184,15
9,14,M_gen,0.1823154726,0.1113969928,0.1243645676,0.1104979396,0.2502685873,15
9,16,M_gen,0.1676009842,0.1004766239,0.1171429459,0.101745905,0.2148305314,15
9,18,M_gen,0.1567872461,0.09129040742,0.1208026861,0.09665233681,0.1890521162,15
9,20,M_gen,0.1494038389,0.08329799688,0.1189648946,0.09825538473,0.1702618918,15
9,22,M_gen,0.143098816,0.07763000077,0.1155317709,0.09920193029,0.1550088331,15
9,24,M_gen,0.1395486737,0.07295019631,0.1151743632,0.09962524103,0.1422871097,15
9,26,M_gen,0.1370640164,0.06948096693,0.1160976089,0.09901472312,0.1383134875,15
9,28,M_gen,0.1361292628,0.06576386369,0.1164529068,0.1022868613,0.1365617858,15
9,30,M_gen,0.134313484,0.06293137453,0.1136130459,0.1052877416,0.1334174151,15
9,32,M_gen,0.133598712,0.06070955369,0.1152132461,0.1019753267,0.1295930466,15
9,34,M_gen,0.1331643625,0.05785273523,0.1132390022,0.1025177191,0.129002433,15
9,36,M_gen,0.1309261983,0.05642460988,0.1164189808,0.09850148818,0.1284465885,15
9,38,M_gen,0.1320209889,0.05318757728,0.1157201271,0.1050496678,0.1315422608,15
9,40,M_gen,0.1307290763,0.05266057339,0.1159992174,0.1012430616,0.1297048723,15
9,42,M_gen,0.1313373169,0.0511898086,0.1138535241,0.1012798469,0.1355263317,15
9,44,M_gen,0.1319357314,0.05006822594,0.1149752805,0.1022212184,0.1403099442,15
9,46,M_gen,0.132440904,0.04966354929,0.1145191659,0.101581684,0.1417517219,15
9,48,M_gen,0.1341559364,0.04917804563,0.1194456644,0.1057063123,0.1431351236,15
9,50,M_gen,0.1347200183,0.04947606937,0.1184277545,0.10364886,0.1472512603,15
9,52,M_gen,0.1350386701,0.04960899779,0.1137357123,0.1063131258,0.1481302545,15
9,54,M_gen,0.1347571479,0.05071142189,0.1194842866,0.1063268454,0.1451688096,15
9,56,M_gen,0.1354000433,0.04972222852,0.1229222285,0.1047912294,0.1438123135,15
9,58,M_gen,0.1372033963,0.04920732035,0.1237501982,0.1078936551,0.145515696,15
9,60,M_gen,0.1380127586,0.04959523408,0.1215502832,0.1079133803,0.1474233876,15
9,62,M_gen,0.1398553974,0.05009389232,0.1235141612,0.1100833005,0.1512634883,15
9,64,M_gen,0.1397471534,0.05096758043,0.1215460972,0.1069945899,0.1540054587,15
9,66,M_gen,0.1414433908,0.05110936976,0.1235604016,0.1069637381,0.1570903603,15
9,68,M_gen,0.1426077906,0.05139867895,0.1211919261,0.1119203349,0.1593177248,15
9,70,M_gen,0.1437345614,0.05195108807,0.1235473559,0.1130933065,0.1580810703,15
9,72,M_gen,0.1450320327,0.05239363446,0.1256006921,0.1139077793,0.1607907594,15
9,74,M_gen,0.1446799923,0.05183114226,0.1256625078,0.1139658406,0.1585082178,15
9,76,M_gen,0.141014067,0.05298978918,0.1236611242,0.1077379714,0.1545659789,15
9,78,M_gen,0.1431386993,0.05351323836,0.1237545494,0.1129243996,0.1577308743,15
9,80,M_gen,0.1460313607,0.05294820862,0.1279827204,0.1141882581,0.155251134,15
9,82,M_gen,0.145911942,0.05329568556,0.1256450735,0.1146831442,0.15683479,15
9,84,M_gen,0.1478141196,0.05318422549,0.1292943722,0.1190194551,0.162068445,15
9,86,M_gen,0.1493360876,0.05392219478,0.1321708832,0.1183374613,0.160130571,15
9,88,M_gen,0.1505717645,0.05442417352,0.1380953265,0.1154285588,0.1594456824,15
9,90,M_gen,0.151889453,0.05473358824,0.1361382274,0.1158297252,0.1684376299,15
9,92,M_gen,0.153560293,0.05414709254,0.1365028605,0.1185294085,0.1720090181,15
9,94,M_gen,0.1536660154,0.05533153771,0.134606908,0.1163523943,0.1744950287,15
9,96,M_gen,0.1545709796,0.05714497536,0.1341305597,0.1160255112,0.1755632291,15
9,98,M_gen,0.1556283464,0.05783239281,0.1393078905,0.1153168688,0.1761783788,15
9,100,M_gen,0.1562187824,0.05915563321,0.140867142,0.1194465472,0.1797383833,15
9,102,M_gen,0.1578178688,0.05989186681,0.1405883784,0.1189592586,0.1817771811,15
9,104,M_gen,0.1585046423,0.06129389528,0.1396392787,0.1215008948,0.1804908509,15
9,106,M_gen,0.1588223649,0.0616917255,0.14123241,0.1220692509,0.1786659025,15
9,108,M_gen,0.160520122,0.06165305324,0.1477287044,0.1241469065,0.1759180695,15
9,110,M_gen,0.1596329996,0.06297029441,0.143785012,0.123029862,0.1768856138,15
9,112,M_gen,0.1603928583,0.06374299818,0.1396213341,0.1259352112,0.1795773908,15
9,114,M_gen,0.1611770728,0.06444466365,0.1409422141,0.1220595141,0.1811991018,15
9,116,M_gen,0.1637239664,0.064998052,0.142987301,0.1215729229,0.183974893,15
9,118,M_gen,0.1656951999,0.0645439129,0.1482413115,0.1254355609,0.1873926214,15
9,120,M_gen,0.1670018007,0.06557123539,0.1484829025,0.1262309088,0.1921211596,15
9,122,M_gen,0.1684632974,0.06625975237,0.1393383377,0.1277255866,0.1972940845,15
9,124,M_gen,0.1688294834,0.06692983215,0.1423789054,0.1278100867,0.2012451708,15
9,126,M_gen,0.1688687902,0.06606468261,0.1441902156,0.1265889752,0.1984345002,15
9,128,M_gen,0.1703067018,0.06246625603,0.1513127,0.1268670916,0.2013663057,15
9,130,M_gen,0.1696665062,0.0626433419,0.1516317906,0.1296637931,0.1979367178,15
9,132,M_gen,0.1688294062,0.06235293754,0.1547903815,0.1293850155,0.199099325,15
9,134,M_gen,0.1690743726,0.06258696161,0.1508231367,0.1300433019,0.2016773279,15
9,136,M_gen,0.1659908572,0.06430252338,0.1483645119,0.1269731413,0.1986991945,15
9,138,M_gen,0.1657313198,0.06552824345,0.1461698906,0.1257142432,0.1972150718,15
9,140,M_gen,0.1627528278,0.06684559494,0.1479206444,0.1213931003,0.1916780924,15
9,142,M_gen,0.1620686711,0.06705599162,0.1432428369,0.1200392612,0.1884279038,15
9,144,M_gen,0.1616576322,0.06783715349,0.1304692822,0.1225751043,0.1859498575,15
9,146,M_gen,0.1605304094,0.06862135492,0.1257306872,0.1194970318,0.186573351,15
9,148,M_gen,0.1609648583,0.06829869487,0.1374971025,0.1173719167,0.1855716393,15
9,150,M_gen,0.1610912268,0.06823569427,0.1359825669,0.119964907,0.1864498309,15
9,152,M_gen,0.1602501231,0.06880637837,0.1312827126,0.1161423154,0.1863087601,15
9,154,M_gen,0.1596294714,0.06874944128,0.1331830705,0.1164813572,0.1817342926,15
9,156,M_gen,0.160391162,0.06889479934,0.1318072719,0.1190506268,0.1763663346,15
9,158,M_gen,0.1606751444,0.06902201848,0.1364710385,0.1182111744,0.1697571136,15
9,160,M_gen,0.1610320615,0.06823590319,0.1388378114,0.1218354249,0.1652991137,15
9,162,M_gen,0.1604516441,0.06874978665,0.1412842214,0.118972469,0.1645671747,15
9,164,M_gen,0.1621756568,0.06822361054,0.1444211252,0.1193971274,0.1666185035,15
9,166,M_gen,0.162688556,0.06882372123,0.1333613323,0.1240369926,0.1692261651,15
9,168,M_gen,0.1618742661,0.07018462779,0.1412505091,0.1238898807,0.1732251839,15
9,170,M_gen,0.1625799584,0.0703092031,0.1388644971,0.1264434014,0.1737845287,15
9,172,M_gen,0.1648425087,0.07021988927,0.1455208119,0.1258032487,0.1773620543,15
9,174,M_gen,0.163415453,0.07244327608,0.1474021317,0.1245324242,0.1785510857,15
9,176,M_gen,0.1645288442,0.0743602195,0.1452748554,0.1255929086,0.1790779575,15
9,178,M_gen,0.1654449778,0.07541329502,0.1367000472,0.1220537544,0.1807982394,15
9,180,M_gen,0.1667973587,0.07550361402,0.1353878971,0.1242201601,0.1824276154,15
9,182,M_gen,0.1645745942,0.07640178228,0.1357262379,0.1235643796,0.1796546476,15
9,184,M_gen,0.1644887726,0.07506326785,0.1380083258,0.1194880643,0.1778161091,15
9,186,M_gen,0.1650851885,0.07344882203,0.1319229506,0.1205269478,0.1779242469,15
9,188,M_gen,0.1652203966,0.07123415575,0.1392260238,0.118764466,0.1799650554,15
9,190,M_gen,0.1644134208,0.06928360801,0.1387664874,0.1227554767,0.1788865422,15
9,192,M_gen,0.1666529218,0.06879246479,0.1401486362,0.1250837867,0.1841069784,15
9,194,M_gen,0.1661129371,0.06982346393,0.1372956374,0.1192958879,0.1869350845,15
9,196,M_gen,0.1652516449,0.07093613007,0.140299304,0.114867415,0.1850102933,15
9,198,M_gen,0.1671500052,0.07012182899,0.1473776687,0.1226452783,0.1871337962,15
9,200,M_gen,0.1667986129,0.06806585531,0.1500955788,0.1201599969,0.1847088776,15
9,202,M_gen,0.1672591245,0.06720563437,0.1529609631,0.1219686388,0.1837369295,15
9,204,M_gen,0.1662856008,0.06669856621,0.1478909324,0.1243552327,0.1823471642,15
9,206,M_gen,0.1646490742,0.06760487223,0.1518056794,0.1194011113,0.1876520467,15
9,208,M_gen,0.1640252525,0.06593514149,0.1462097812,0.1186133781,0.1875739708,15
9,210,M_gen,0.1637550915,0.06497748864,0.1422623052,0.1204026479,0.189713258,15
9,212,M_gen,0.1607624416,0.06531864203,0.1291299362,0.1205028106,0.1913294538,15
9,214,M_gen,0.1589957194,0.06632422087,0.1262934179,0.1191174105,0.1962075889,15
9,216,M_gen,0.1597330798,0.06448277407,0.130033637,0.1181690774,0.1978899352,15
9,218,M_gen,0.1610495124,0.06256438194,0.1269890901,0.1214576134,0.1978261681,15
9,220,M_gen,0.1617770898,0.06182231087,0.1316266486,0.1260821032,0.1969054351,15
9,222,M_gen,0.1614079578,0.06065064836,0.1311638182,0.1209934822,0.1949610689,15
9,224,M_gen,0.160123692,0.0614310847,0.135746118,0.1207812665,0.193052018,15
9,226,M_gen,0.1588725778,0.0615272453,0.1321018929,0.1222591259,0.1886917217,15
9,228,M_gen,0.1585455263,0.06043411235,0.1289563338,0.121121637,0.1915584601,15
9,230,M_gen,0.1581253245,0.06079999352,0.1293488132,0.1183173901,0.1935643232,15
9,232,M_gen,0.1595715406,0.06079718106,0.1355152947,0.1173970351,0.1963958654,15
9,234,M_gen,0.1589568357,0.06174605343,0.1414335368,0.1159812086,0.1890750273,15
9,236,M_gen,0.1605703375,0.06157874828,0.1415223598,0.1199377511,0.1891580511,15
9,238,M_gen,0.1611375169,0.06302759336,0.141070165,0.1223260042,0.1870328125,15
9,240,M_gen,0.1608106958,0.06397918047,0.1400521982,0.1213636351,0.182884986,15
9,242,M_gen,0.1604951237,0.06413953975,0.1402957003,0.1212945097,0.1812650724,15
9,244,M_gen,0.1602973897,0.0648317478,0.1408917272,0.1245041995,0.1801200289,15
9,246,M_gen,0.1615322737,0.06536275694,0.1411431119,0.1202312011,0.1836041446,15
9,248,M_gen,0.1631623509,0.06611155767,0.1452747521,0.1236106968,0.1840419744,15
9,250,M_gen,0.1640169385,0.06491286082,0.1440478118,0.1234485276,0.1850195634,15
9,252,M_gen,0.1653192751,0.06387367317,0.1456411297,0.1256231548,0.183829509,15
9,254,M_gen,0.1645898691,0.06230257134,0.1431137032,0.1236081393,0.1851463726,15
9,256,M_gen,0.1651469927,0.06326137838,0.1438677149,0.1247879536,0.1872051946,15
9,258,M_gen,0.1656094701,0.06415817151,0.1457412868,0.1266414227,0.188052181,15
9,260,M_gen,0.1646864891,0.0657631388,0.143752016,0.1211152911,0.1878722732,15
9,262,M_gen,0.1657017981,0.06658657676,0.1337318947,0.1255275372,0.1876382717,15
9,264,M_gen,0.1655693036,0.06725261437,0.137272477,0.1241529649,0.1887140662,15
9,266,M_gen,0.1678331596,0.06608790961,0.1444443895,0.1276685614,0.1950600594,15
9,268,M_gen,0.165878685,0.06729558469,0.1375878882,0.1276643079,0.1992809932,15
9,270,M_gen,0.1658394022,0.06739235168,0.1413548154,0.1267542264,0.193173852,15
9,272,M_gen,0.1660491406,0.06749332654,0.1472801951,0.1301907267,0.1930864994,15
9,274,M_gen,0.1671178968,0.06687132576,0.1451963181,0.1288908057,0.190998197,15
9,276,M_gen,0.1649016187,0.06780443183,0.1377286448,0.1243531367,0.1920787766,15
9,278,M_gen,0.1650464108,0.06761758618,0.1360133566,0.1282614147,0.1936664225,15
9,280,M_gen,0.1658039428,0.06884907354,0.1406378145,0.1311507521,0.193125429,15
9,282,M_gen,0.1679390551,0.06796026874,0.1443724475,0.1258970769,0.1929661481,15
9,284,M_gen,0.1694016989,0.06746709184,0.1510659738,0.1262867103,0.1923436363,15
9,286,M_gen,0.1697030351,0.06782882067,0.153902128,0.1299649164,0.1902902098,15
9,288,M_gen,0.1684606949,0.0674693659,0.1501212281,0.1298472594,0.1871693324,15
9,290,M_gen,0.1668827133,0.06823304998,0.1479438242,0.1252894472,0.1857276464,15
9,292,M_gen,0.1654548107,0.07038906502,0.1545021396,0.1185897909,0.1849612833,15
9,294,M_gen,0.167587787,0.06978339173,0.152538058,0.125002287,0.1917355703,15
9,296,M_gen,0.1689382362,0.07030304174,0.151688382,0.1236329344,0.1923452096,15
9,298,M_gen,0.1696912454,0.07007062153,0.1451584659,0.1305117574,0.1914100199,15
9,300,M_gen,0.1682980751,0.071704044,0.1450967694,0.1246490092,0.193252057,15
9,302,M_gen,0.1712517375,0.06948168381,0.1449092148,0.1328963811,0.1964775902,15
9,304,M_gen,0.1711922133,0.06950779065,0.1484354189,0.1286932475,0.2008903757,15
9,306,M_gen,0.170137404,0.06888626208,0.1489496124,0.1329238274,0.1980812771,15
9,308,M_gen,0.169472174,0.06649954355,0.1507399132,0.1355919061,0.1921964238,15
9,310,M_gen,0.1678708672,0.06573384396,0.1481997749,0.12904221,0.1900269118,15
9,312,M_gen,0.1652546413,0.06498079341,0.1435474197,0.12886389,0.1852957944,15
9,314,M_gen,0.1648477604,0.06420356228,0.1395952436,0.12815147,0.1840506188,15
9,316,M_gen,0.1634663827,0.06470830175,0.1389306641,0.1237843366,0.1859087114,15
9,318,M_gen,0.1620923035,0.06547601201,0.1324298373,0.124147186,0.1850981155,15
9,320,M_gen,0.1617242627,0.06632224906,0.1322187287,0.1246201108,0.188733555,15
9,322,M_gen,0.16207324,0.06573834269,0.1340857112,0.1235599556,0.1934160446,15
9,324,M_gen,0.1603013056,0.06642281843,0.131050386,0.1193254785,0.1942573499,15
9,326,M_gen,0.1612624728,0.06694222004,0.1270972122,0.1205589777,0.1928201029,15
9,328,M_gen,0.1603732211,0.06861368722,0.1324353099,0.1232804842,0.1918084011,15
9,330,M_gen,0.1602998652,0.06970555972,0.1299151459,0.115484366,0.1899347105,15
9,332,M_gen,0.1609342848,0.07042638476,0.1331246406,0.120024301,0.1856773216,15
9,334,M_gen,0.1617036082,0.06956344479,0.1344442677,0.1237207727,0.1831049787,15
9,336,M_gen,0.1632295552,0.06820685458,0.137438794,0.1251212515,0.1850092412,15
9,338,M_gen,0.162588909,0.06782673538,0.1343069135,0.1214333536,0.185860331,15
9,340,M_gen,0.1625460685,0.06812401105,0.1377028453,0.1195428411,0.1854825495,15
9,342,M_gen,0.1612992516,0.06959025977,0.1288392248,0.1205110545,0.1900384119,15
9,344,M_gen,0.162253312,0.06820621471,0.139373539,0.1218545189,0.1923487593,15
9,346,M_gen,0.1632950786,0.06773436467,0.135123611,0.120456985,0.1929875202,15
9,348,M_gen,0.1644625093,0.06839483501,0.133579063,0.1230652866,0.1993193507,15
9,350,M_gen,0.1666202147,0.06874723284,0.1303705591,0.1227999287,0.2062542417,15
9,352,M_gen,0.1675106619,0.06946260615,0.1355147267,0.12183638,0.2157924583,15
9,354,M_gen,0.1682677643,0.06909775352,0.1369192399,0.1246726169,0.2182516833,15
9,356,M_gen,0.1688369764,0.06726326558,0.1399056042,0.1200447863,0.2162863856,15
9,358,M_gen,0.1711204592,0.0657466217,0.1473033969,0.1263286238,0.2176169673,15
9,360,M_gen,0.1700262421,0.06541709668,0.1513652239,0.1240535045,0.2131371081,15
9,362,M_gen,0.1673110134,0.06601675415,0.1462860488,0.1235340874,0.2051886381,15
9,364,M_gen,0.1689958621,0.06520868607,0.1467644357,0.1241660015,0.2033270919,15
9,366,M_gen,0.1703640018,0.06434695815,0.1530471806,0.124111319,0.1959552832,15
9,368,M_gen,0.1685649959,0.0649819218,0.1548648601,0.1270792684,0.1899436246,15
9,370,M_gen,0.1682599456,0.0645952061,0.1499517035,0.1292081729,0.1881543944,15
9,372,M_gen,0.1684324737,0.06713974745,0.1481380014,0.1271541874,0.1892799634,15
9,374,M_gen,0.1685255461,0.06813309353,0.1534134458,0.124251323,0.1888004344,15
9,376,M_gen,0.1693646397,0.06891906632,0.1491652098,0.1267222956,0.1883639635,15
9,378,M_gen,0.1716813619,0.06838390262,0.1448963263,0.1260839698,0.1906072416,15
9,380,M_gen,0.173408569,0.07024595368,0.147442708,0.1252154126,0.1951617303,15
9,382,M_gen,0.1720411263,0.07302594002,0.145364915,0.1221038496,0.1972458538,15
9,384,M_gen,0.1716781668,0.07682853799,0.1438187753,0.1209239136,0.2021936496,15
9,386,M_gen,0.1729757806,0.07783347809,0.1498082683,0.1226360997,0.2035474134,15
9,388,M_gen,0.1738241284,0.07664651049,0.151257291,0.1271700142,0.2028234419,15
9,390,M_gen,0.1730397366,0.07643496094,0.1439737288,0.1306648486,0.1958757376,15
9,392,M_gen,0.1725625321,0.07605119358,0.1424382628,0.1260902767,0.194253458,15
9,394,M_gen,0.170436782,0.076770375,0.1402955902,0.1295010743,0.1925369032,15
9,396,M_gen,0.171239355,0.07581769524,0.1468388327,0.1289498518,0.1938849034,15
9,398,M_gen,0.1689546889,0.0749806387,0.1419666705,0.1264620327,0.1928943518,15
9,400,M_gen,0.1675837178,0.07500696928,0.1412112751,0.1260287259,0.195457464,15
10,0,M_gen,1,3.700743415e-16,1,1,1,10
10,2,M_gen,0.6962558574,0.1346792218,0.7059881592,0.5666033814,0.8051355265,10
10,4,M_gen,0.4897486797,0.2014365389,0.4997722327,0.3122704844,0.6394906634,10
10,6,M_gen,0.3703235459,0.2105478072,0.3651309966,0.1820155951,0.5139776292,10
10,8,M_gen,0.2941708213,0.2015436871,0.2720924022,0.1163534496,0.4166658458,10
10,10,M_gen,0.2459355059,0.1829922037,0.2040124808,0.08659026059,0.3415568839,10
10,12,M_gen,0.2124873514,0.1652381941,0.1558301465,0.08338770242,0.2833642785,10
10,14,M_gen,0.1870456832,0.1501281757,0.1232568063,0.08020684571,0.2375977343,10
10,16,M_gen,0.1691742328,0.1364869621,0.1070469409,0.0781833276,0.2017442562,10
10,18,M_gen,0.1546664626,0.1247222707,0.09555736793,0.07767450573,0.1730905571,10
10,20,M_gen,0.1444297143,0.1140714635,0.09027224783,0.07989085346,0.1497602508,10
10,22,M_gen,0.135805133,0.1052290006,0.08807286876,0.07844211523,0.132152086,10
10,24,M_gen,0.1297092791,0.09697657817,0.08670124792,0.07819991469,0.1203667642,10
10,26,M_gen,0.1257409622,0.08923866466,0.08979749172,0.07746680132,0.1151596587,10
10,28,M_gen,0.1226071665,0.08237712113,0.08925203579,0.07991750088,0.1133409344,10
10,30,M_gen,0.1198890491,0.0764448434,0.09005638454,0.07985933661,0.110763552,10
10,32,M_gen,0.1174986454,0.07154814549,0.08988322697,0.08025998075,0.108862815,10
10,34,M_gen,0.1156367945,0.06686088329,0.09128003942,0.08066750872,0.1086232217,10
10,36,M_gen,0.1147404705,0.06274252053,0.09104282696,0.08406831725,0.1060591319,10
10,38,M_gen,0.1134866315,0.05882555817,0.09160413948,0.08066505365,0.1056910847,10
10,40,M_gen,0.1113221842,0.05520507691,0.09253838243,0.08046358946,0.1050200633,10
10,42,M_gen,0.1104574769,0.05169889046,0.09210052613,0.08116429621,0.1037584805,10
10,44,M_gen,0.1092247113,0.04948588028,0.09368912192,0.07974027592,0.1058976148,10
10,46,M_gen,0.1073135656,0.04705925479,0.09212431321,0.07887173995,0.1043707784,10
10,48,M_gen,0.1067494568,0.04495262651,0.09197215279,0.07898719657,0.1056895603,10
10,50,M_gen,0.1057486037,0.04265001358,0.09109564335,0.08035429222,0.1066450266,10
10,52,M_gen,0.1045571337,0.04052733057,0.09086502934,0.07959096617,0.1037540821,10
10,54,M_gen,0.1044651459,0.0394903549,0.09145777453,0.08032135596,0.1059929214,10
10,56,M_gen,0.1033776671,0.03889118299,0.09023549644,0.07927938227,0.1064295277,10
10,58,M_gen,0.1035216694,0.03768628265,0.09122189623,0.07952007318,0.1058587026,10
10,60,M_gen,0.104266595,0.03601414189,0.09277958431,0.08052828065,0.1060802862,10
10,62,M_gen,0.10369771,0.03511675507,0.09274504384,0.08072122531,0.1062034077,10
10,64,M_gen,0.1035527171,0.03438977123,0.09303559734,0.0821238378,0.1055291511,10
10,66,M_gen,0.1031909298,0.03399777992,0.09325874614,0.08095402327,0.1050036423,10
10,68,M_gen,0.1030432292,0.03300539769,0.09294951511,0.08256630705,0.1050660496,10
10,70,M_gen,0.1034195562,0.03271187458,0.09333067192,0.08293406783,0.1053259048,10
10,72,M_gen,0.1035059754,0.03226669666,0.09213681995,0.08164014497,0.107706684,10
10,74,M_gen,0.1037903991,0.03238457706,0.09167493906,0.08193981207,0.1082409689,10
10,76,M_gen,0.1040293769,0.03228306995,0.09313572101,0.08108259867,0.109023951,10
10,78,M_gen,0.1040348219,0.0312508514,0.09395298791,0.08353182386,0.107252279,10
10,80,M_gen,0.1034781874,0.03137829665,0.09267950737,0.08352016481,0.1074662837,10
10,82,M_gen,0.1031343784,0.03100240426,0.09305912774,0.08343340827,0.10605001,10
10,84,M_gen,0.1031197518,0.03105644826,0.09148402931,0.08335718802,0.1077023077,10
10,86,M_gen,0.1024176496,0.03130519281,0.09161989027,0.08264785013,0.1041271519,10
10,88,M_gen,0.1041176266,0.03108349439,0.09491218101,0.08462422332,0.1062044324,10
10,90,M_gen,0.1036517232,0.03226178807,0.09276190571,0.08278471063,0.1084225608,10
10,92,M_gen,0.1035607099,0.03316527,0.09269033962,0.08228741132,0.1066485134,10
10,94,M_gen,0.1045472142,0.03215336677,0.09252899297,0.08403396025,0.1073404264,10
10,96,M_gen,0.1049561025,0.03210175604,0.09496277759,0.08307280063,0.1079496792,10
10,98,M_gen,0.1048218892,0.03239064167,0.09757034105,0.08227222039,0.1064572596,10
10,100,M_gen,0.1049471101,0.03281465914,0.09861681496,0.08064280676,0.1096187986,10
10,102,M_gen,0.1050425131,0.03318840013,0.09469620697,0.08239480105,0.1090000851,10
10,104,M_gen,0.1049509933,0.03363895865,0.09616069799,0.08119234785,0.1103249405,10
10,106,M_gen,0.1056846446,0.03421970262,0.09985169279,0.08120970587,0.1095777691,10
10,108,M_gen,0.1050131785,0.03474669812,0.09675898176,0.08028178408,0.1100159938,10
10,110,M_gen,0.1065798409,0.03501872266,0.09599317336,0.08326578727,0.1119604437,10
10,112,M_gen,0.1062619264,0.03549975719,0.09370614829,0.08163424331,0.1125935188,10
10,114,M_gen,0.1067374708,0.03576340179,0.09356986404,0.0848393115,0.1138589627,10
10,116,M_gen,0.107351289,0.03616341655,0.09462148517,0.08409213857,0.1146429541,10
10,118,M_gen,0.1082369104,0.03576036272,0.09646031837,0.08304206104,0.1162388666,10
10,120,M_gen,0.1090303475,0.03599077324,0.09739361667,0.08475905957,0.1178310497,10
10,122,M_gen,0.1086812489,0.03619000785,0.09561886468,0.08477080995,0.1187470696,10
10,124,M_gen,0.1085231744,0.03555230176,0.09765311853,0.08320914938,0.1166563172,10
10,126,M_gen,0.1086802679,0.03482984274,0.09860206392,0.08432215572,0.1141510118,10
10,128,M_gen,0.1080099196,0.03549934149,0.09935978737,0.08188532231,0.1124110367,10
10,130,M_gen,0.109226094,0.03561144137,0.09812407019,0.08363302596,0.114515194,10
10,132,M_gen,0.1085045987,0.03604593302,0.09578599106,0.08296816131,0.1147338682,10
10,134,M_gen,0.1093989418,0.03543609429,0.09853077137,0.08468174954,0.1145576906,10
10,136,M_gen,0.1100842123,0.03533745105,0.1001588402,0.08371730323,0.1156380393,10
10,138,M_gen,0.1112217192,0.03475817181,0.1028056285,0.08637355913,0.1154374439,10
10,140,M_gen,0.1112038237,0.03543493643,0.1015480451,0.08641275174,0.1173948116,10
10,142,M_gen,0.1106967148,0.03590452303,0.0966058767,0.0862075657,0.1186112178,10
10,144,M_gen,0.1116691678,0.03660778024,0.09942123004,0.08444331184,0.1190806782,10
10,146,M_gen,0.1110897358,0.03689740454,0.09921010647,0.08217800296,0.1211985525,10
10,148,M_gen,0.112044247,0.03713828941,0.1005047878,0.08411636144,0.1222788706,10
10,150,M_gen,0.1123716657,0.03792650704,0.09995721548,0.08349641899,0.1235942244,10
10,152,M_gen,0.1118243565,0.03813407415,0.09710993594,0.084496071,0.1231085262,10
10,154,M_gen,0.1121898297,0.03801674867,0.09759372928,0.08514664494,0.121656007,10
10,156,M_gen,0.1128077604,0.03791991026,0.09896851989,0.08506064004,0.1199993249,10
10,158,M_gen,0.1121648866,0.03946180526,0.0973046644,0.08380669582,0.1197482886,10
10,160,M_gen,0.1143168152,0.04021857887,0.09889788275,0.08514485124,0.1203916054,10
10,162,M_gen,0.1158412412,0.04028465636,0.100744805,0.08665865745,0.1212585323,10
10,164,M_gen,0.1169375909,0.04199893697,0.1008248386,0.08575938196,0.1255932695,10
10,166,M_gen,0.117029094,0.04379611817,0.09899445041,0.08436710154,0.1277246994,10
10,168,M_gen,0.1169774136,0.04473306411,0.09776177346,0.08482061419,0.1287345709,10
10,170,M_gen,0.1167474986,0.04495727814,0.0984782296,0.08635480871,0.1261988482,10
10,172,M_gen,0.1175520172,0.04450678294,0.1010901465,0.08517630082,0.1271684476,10
10,174,M_gen,0.1177970623,0.04526882904,0.1003880023,0.08519140722,0.1304232799,10
10,176,M_gen,0.1193668307,0.04537641473,0.1025522972,0.08878458036,0.1314887,10
10,178,M_gen,0.1195033798,0.04685230397,0.1041177553,0.08482780406,0.1335248389,10
10,180,M_gen,0.120443358,0.04722117107,0.1044803221,0.08709380285,0.1348920075,10
10,182,M_gen,0.1205624855,0.04758675994,0.1070166137,0.08562861414,0.1340562186,10
10,184,M_gen,0.1209229621,0.04818684257,0.1060868713,0.0858303592,0.1321000238,10
10,186,M_gen,0.1217605618,0.04849644648,0.1055276599,0.08692605167,0.1305759341,10
10,188,M_gen,0.1213317906,0.04971354448,0.105405263,0.0856459881,0.1285834391,10
10,190,M_gen,0.1208245458,0.04924438907,0.1023165252,0.08662152075,0.1276832585,10
10,192,M_gen,0.1192762722,0.05008927924,0.1012498071,0.08529942621,0.1265139095,10
10,194,M_gen,0.11992829,0.04875530747,0.1035121545,0.08555990839,0.1284086817,10
10,196,M_gen,0.119759069,0.04809421914,0.1016167524,0.08609896232,0.1296009175,10
10,198,M_gen,0.119808215,0.0479157148,0.1051566634,0.08613877855,0.1292734851,10
10,200,M_gen,0.1193359014,0.04795785478,0.1035674187,0.08580572415,0.1284835434,10
10,202,M_gen,0.1180338347,0.0492485503,0.1003122946,0.0837020205,0.1264758587,10
10,204,M_gen,0.117822232,0.04902864113,0.09899841578,0.08556466123,0.1241728683,10
10,206,M_gen,0.1171523569,0.04940490412,0.09708646799,0.08383669423,0.1241088361,10
10,208,M_gen,0.1178074677,0.04913261418,0.09631374077,0.08710049837,0.1229372151,10
10,210,M_gen,0.1182594123,0.04895170592,0.09869855177,0.08534154494,0.1234223126,10
10,212,M_gen,0.1194911889,0.04845414192,0.1005812445,0.08789429056,0.1245399881,10
10,214,M_gen,0.1199689991,0.04854120363,0.1021701913,0.08901842048,0.1244632852,10
10,216,M_gen,0.1201391151,0.04832899379,0.1019710653,0.08631421874,0.1241343478,10
10,218,M_gen,0.1202194291,0.04880277614,0.1013553103,0.08637816254,0.1239138684,10
10,220,M_gen,0.1192992148,0.04933705803,0.1007965991,0.08498593878,0.1228117646,10
10,222,M_gen,0.1195925332,0.04973785211,0.0992195536,0.08718550178,0.1224641056,10
10,224,M_gen,0.120262332,0.05015024984,0.100328161,0.08745911497,0.1236085099,10
10,226,M_gen,0.120835425,0.05099872255,0.09937395557,0.08831482985,0.1252580901,10
10,228,M_gen,0.1199612444,0.05096506946,0.09894546472,0.08541074234,0.1230515305,10
10,230,M_gen,0.1210189259,0.05094844754,0.09844876763,0.08761327284,0.1227719103,10
10,232,M_gen,0.1215514689,0.05054340506,0.09892485346,0.08855833002,0.1233670019,10
10,234,M_gen,0.1205993573,0.05118270684,0.09646697294,0.08787046504,0.1227495272,10
10,236,M_gen,0.1197349582,0.05187600971,0.09745794306,0.08597242979,0.122195913,10
10,238,M_gen,0.1210060014,0.05091733941,0.09964347446,0.08557727746,0.1248068473,10
10,240,M_gen,0.1211266511,0.05166332516,0.09958260446,0.08655734621,0.1235590967,10
10,242,M_gen,0.1202941756,0.05175210088,0.09897405658,0.0870507643,0.1228524584,10
10,244,M_gen,0.1202546636,0.05191697333,0.1018773022,0.08600822749,0.1237804939,10
10,246,M_gen,0.1209091598,0.05228580291,0.1008165029,0.08463171766,0.1258476112,10
10,248,M_gen,0.1208857465,0.05289085051,0.09924400113,0.08357522224,0.1277156096,10
10,250,M_gen,0.1230519189,0.05231519718,0.1018372529,0.08861555846,0.1301545764,10
10,252,M_gen,0.1218648409,0.05309377184,0.100556962,0.08409004935,0.1284795611,10
10,254,M_gen,0.1217810738,0.05351486773,0.09951062096,0.08504820266,0.1274452023,10
10,256,M_gen,0.1229817797,0.05301477686,0.1001298953,0.08979017457,0.1269986862,10
10,258,M_gen,0.1241419883,0.05233453184,0.1017451099,0.09201117202,0.1276612006,10
10,260,M_gen,0.1235259213,0.0525881147,0.102355532,0.08785144987,0.1274243666,10
10,262,M_gen,0.124055225,0.05264130513,0.1013279519,0.08777554771,0.1293842803,10
10,264,M_gen,0.1231167663,0.05321589271,0.1017210316,0.08542454933,0.1303934067,10
10,266,M_gen,0.1233384228,0.05274663351,0.100004471,0.08806392988,0.1320171513,10
10,268,M_gen,0.1231502399,0.05291198444,0.100096845,0.08500491885,0.1334598221,10
10,270,M_gen,0.1231903564,0.05234695328,0.1002087709,0.08745423239,0.1353515548,10
10,272,M_gen,0.1234977362,0.05213833506,0.101315101,0.08530971099,0.1367263018,10
10,274,M_gen,0.1237209678,0.05157696101,0.1002583486,0.08767204056,0.1374121196,10
10,276,M_gen,0.1234983464,0.05118870494,0.09934670348,0.09061762943,0.135157026,10
10,278,M_gen,0.122751614,0.0523495291,0.1003497706,0.0860191219,0.1338950624,10
10,280,M_gen,0.1227207638,0.05196667431,0.1004879514,0.08605381132,0.1327269852,10
10,282,M_gen,0.123252452,0.05190318941,0.1021635004,0.0874680312,0.1328775954,10
10,284,M_gen,0.1226113993,0.05224803144,0.1027117307,0.08457958243,0.1333378436,10
10,286,M_gen,0.1220839942,0.05141950765,0.1015471744,0.08677698312,0.1341208167,10
10,288,M_gen,0.1221235102,0.05066465029,0.1009635613,0.08654603385,0.1349183093,10
10,290,M_gen,0.1219898539,0.05023953654,0.1013584543,0.0879502685,0.1347485183,10
10,292,M_gen,0.1231016786,0.04995914375,0.1016289907,0.08820615571,0.1375829087,10
10,294,M_gen,0.1239697314,0.05034922222,0.1033911457,0.08715648399,0.139962534,10
10,296,M_gen,0.1230589067,0.05115372547,0.1013271542,0.08597745905,0.1413505983,10
10,298,M_gen,0.1225429233,0.05084204908,0.1006225167,0.08794841113,0.1402831117,10
10,300,M_gen,0.1221175511,0.05122593975,0.09956038614,0.08559180461,0.139327408,10
10,302,M_gen,0.121019355,0.0505217254,0.1004341236,0.08598123206,0.1350069147,10
10,304,M_gen,0.1209302485,0.04997370655,0.09905267566,0.0879093424,0.1316948556,10
10,306,M_gen,0.1211989109,0.05029524197,0.0993850136,0.08736258019,0.131250721,10
10,308,M_gen,0.120378108,0.05053562327,0.09975428997,0.08543977495,0.1304815895,10
10,310,M_gen,0.122446493,0.04951103238,0.1006616108,0.09094826148,0.1343686854,10
10,312,M_gen,0.1226499062,0.04958940021,0.1042250888,0.08889349134,0.1351934356,10
10,314,M_gen,0.1222644791,0.0497691373,0.1060749384,0.08722118594,0.1326498741,10
10,316,M_gen,0.1217790814,0.05036656404,0.1051077079,0.08789938587,0.1306830015,10
10,318,M_gen,0.1223676896,0.04997959437,0.1040544099,0.08865404476,0.1291397229,10
10,320,M_gen,0.1220052434,0.05047577328,0.1021948286,0.08848137263,0.129482338,10
10,322,M_gen,0.1211309581,0.05085238951,0.1043325771,0.08471512316,0.1287610644,10
10,324,M_gen,0.120669649,0.05067346334,0.1067898915,0.08591232843,0.1258004957,10
10,326,M_gen,0.1191573856,0.05099637692,0.1048796182,0.083586397,0.1216864231,10
10,328,M_gen,0.1207860128,0.04984519669,0.1083796382,0.08589440099,0.1209848935,10
10,330,M_gen,0.1203495396,0.04974965385,0.1029597359,0.08777795239,0.1213665247,10
10,332,M_gen,0.1202816708,0.05037331673,0.1025253823,0.08639026988,0.1222214351,10
10,334,M_gen,0.1197411556,0.05026736101,0.1016714074,0.08465702913,0.1207968236,10
10,336,M_gen,0.1210814577,0.0502177259,0.106760196,0.08685489847,0.1211000069,10
10,338,M_gen,0.1211960715,0.05022530104,0.1042825087,0.08886613622,0.1220605014,10
10,340,M_gen,0.1205565718,0.05100977164,0.1018003677,0.08582637416,0.121403534,10
10,342,M_gen,0.1211762404,0.05156419088,0.1027851123,0.08504084062,0.1232324222,10
10,344,M_gen,0.1214452859,0.05229876169,0.1010380501,0.08542262409,0.1240972143,10
10,346,M_gen,0.1222760433,0.05217885836,0.1019561101,0.08849290493,0.1238130132,10
10,348,M_gen,0.1215151796,0.05302549349,0.1042896558,0.08551804734,0.1241605167,10
10,350,M_gen,0.1207084409,0.05280783957,0.1015839091,0.08588707481,0.1211980875,10
10,352,M_gen,0.1199507345,0.05216955705,0.09954074675,0.08574861277,0.1194451167,10
10,354,M_gen,0.1210241534,0.05070432055,0.1015249418,0.08707275219,0.1226578427,10
10,356,M_gen,0.1208246631,0.05069755087,0.1014995448,0.08666205453,0.1230321947,10
10,358,M_gen,0.1214303604,0.05049110123,0.1019464804,0.08847261771,0.1256700694,10
10,360,M_gen,0.1209432721,0.05003520376,0.1024738455,0.08745588051,0.1275933749,10
10,362,M_gen,0.1204076354,0.0494843288,0.1002158981,0.08646852049,0.1285262566,10
10,364,M_gen,0.1208549269,0.04864260224,0.1023564802,0.08586969552,0.1281204675,10
10,366,M_gen,0.1209443949,0.04835467073,0.1042103909,0.08608154614,0.1278756021,10
10,368,M_gen,0.1210648674,0.048853097,0.1060079141,0.08437834828,0.127502028,10
10,370,M_gen,0.1209451424,0.0487478106,0.1019088762,0.08632126239,0.128764271,10
10,372,M_gen,0.1205574998,0.04881117075,0.1035154018,0.08506980134,0.1275219249,10
10,374,M_gen,0.1200732789,0.04878156395,0.1039015683,0.08527168622,0.1276823021,10
10,376,M_gen,0.119753081,0.04871796751,0.1023033728,0.08555225068,0.1272105193,10
10,378,M_gen,0.1205618032,0.04903717004,0.1047001397,0.08464001528,0.1297929302,10
10,380,M_gen,0.1212278943,0.0489820836,0.1067165932,0.08498592692,0.1318171332,10
10,382,M_gen,0.1215346839,0.0485069947,0.1071952432,0.0863674612,0.1317569388,10
10,384,M_gen,0.1219925673,0.04875418945,0.1074117327,0.08456006618,0.1346779758,10
10,386,M_gen,0.1227715654,0.04896112856,0.1067182174,0.08764462955,0.1350914878,10
10,388,M_gen,0.1227624148,0.04880749105,0.107849009,0.08748503923,0.1339536275,10
10,390,M_gen,0.1234350046,0.04812945735,0.1088969641,0.08731733671,0.1327475705,10
10,392,M_gen,0.1239113916,0.04897695962,0.1057279014,0.08745172898,0.1358507431,10
10,394,M_gen,0.12392322,0.05041889251,0.1032184159,0.08683409063,0.1368748538,10
10,396,M_gen,0.1244814195,0.05115922928,0.1064218037,0.08589112845,0.1387886395,10
10,398,M_gen,0.1247742057,0.05125435936,0.1047776795,0.08756887811,0.1360755295,10
10,400,M_gen,0.1248812379,0.05198482723,0.1057499944,0.08685123691,0.1350180031,10
11,0,M_gen,1,9.742167503e-16,1,1,1,5
11,2,M_gen,0.7425674453,0.09852235824,0.775503581,0.6618132316,0.7900461902,5
11,4,M_gen,0.5571980264,0.1413800135,0.5984355435,0.4486225386,0.6163529592,5
11,6,M_gen,0.4300096692,0.1547966591,0.4716881319,0.3153381715,0.4861378597,5
11,8,M_gen,0.3382157596,0.1546743677,0.3747991931,0.2250913047,0.3861598305,5
11,10,M_gen,0.2703910342,0.1467858658,0.2992658207,0.1642788063,0.3074774273,5
11,12,M_gen,0.220168756,0.1340422658,0.2405796503,0.1221468339,0.2457059319,5
11,14,M_gen,0.1846207202,0.1176921745,0.1950102706,0.09418168764,0.1974748935,5
11,16,M_gen,0.1571565258,0.1033602344,0.1597091883,0.07329785471,0.1612926882,5
11,18,M_gen,0.1383330455,0.08950637652,0.1333960565,0.06979929947,0.1352809249,5
11,20,M_gen,0.1242194865,0.07773606811,0.1140999542,0.06946790107,0.116548614,5
11,22,M_gen,0.1139993241,0.06747461819,0.1009926876,0.06832326473,0.1055979472,5
11,24,M_gen,0.1060307968,0.05824018441,0.09362767604,0.06704858351,0.0981303152,5
11,26,M_gen,0.1005404967,0.05004481546,0.0908569202,0.067844981,0.09443710842,5
11,28,M_gen,0.09676023571,0.04249278195,0.09016591252,0.06819332684,0.09193578774,5
11,30,M_gen,0.093669666,0.03631996835,0.08951947447,0.06892385026,0.09015643582,5
11,32,M_gen,0.0905201795,0.03180565857,0.08828830904,0.06779836488,0.08965627981,5
11,34,M_gen,0.0889380392,0.02703237088,0.08760287623,0.06950245929,0.08967699031,5
11,36,M_gen,0.087326357,0.02358163652,0.08805433054,0.06812973385,0.09043188307,5
11,38,M_gen,0.08568280955,0.02161299144,0.08753237868,0.06857441542,0.09035244177,5
11,40,M_gen,0.08451934857,0.01928672486,0.08738400671,0.06862493071,0.09044617834,5
11,42,M_gen,0.08384142474,0.01803539712,0.0863950987,0.06894681707,0.09110006146,5
11,44,M_gen,0.08245979805,0.01678932233,0.08626076988,0.06754139705,0.08899045878,5
11,46,M_gen,0.0824461704,0.01596660845,0.08539535631,0.06857276129,0.08904038326,5
11,48,M_gen,0.0817596244,0.01559308276,0.08594911208,0.06771297177,0.09009667439,5
11,50,M_gen,0.08267157773,0.01494064855,0.08606349613,0.06936848912,0.09272397226,5
11,52,M_gen,0.08141469523,0.01433585091,0.0862827788,0.06823476288,0.08929118276,5
11,54,M_gen,0.08140423504,0.01394781358,0.08626007476,0.0690262434,0.08944594984,5
11,56,M_gen,0.08076220053,0.01386979649,0.08610085452,0.06858838889,0.08921391129,5
11,58,M_gen,0.08040077937,0.01393193544,0.08638409694,0.0679548669,0.08892393319,5
11,60,M_gen,0.08068291339,0.01300463711,0.08580600162,0.06913479153,0.08873147143,5
11,62,M_gen,0.08116553371,0.01284379945,0.08618883852,0.07012919004,0.08970492585,5
11,64,M_gen,0.08113958752,0.01387360962,0.08742527577,0.06882118183,0.09079228445,5
11,66,M_gen,0.08123490482,0.0139255853,0.08690919634,0.06993621579,0.09098717167,5
11,68,M_gen,0.08061350673,0.01399294749,0.08639774215,0.06924187437,0.08972005664,5
11,70,M_gen,0.08124519744,0.01302636311,0.0866208781,0.06991968809,0.09005543194,5
11,72,M_gen,0.08096063258,0.01318268916,0.08547649982,0.07025022133,0.09024135914,5
11,74,M_gen,0.08180443653,0.01290610747,0.08673102429,0.07071196357,0.09080650623,5
11,76,M_gen,0.08149133132,0.01282713034,0.08628253746,0.07008374091,0.0911712938,5
11,78,M_gen,0.08109551817,0.01373940197,0.08597824849,0.06907442565,0.09119360451,5
11,80,M_gen,0.08100339217,0.01271038709,0.08633952383,0.07070976665,0.09045058899,5
11,82,M_gen,0.08123381939,0.01376697955,0.08628714574,0.07001955992,0.09079296181,5
11,84,M_gen,0.08165236049,0.0130894157,0.08731188758,0.06937752608,0.09059623496,5
11,86,M_gen,0.08227635256,0.01300075347,0.0863315376,0.07047934189,0.09238118539,5
11,88,M_gen,0.08266957324,0.0134759635,0.08661527771,0.06995616705,0.09225908799,5
11,90,M_gen,0.08314247657,0.01315831111,0.08698492981,0.07075787515,0.0926499938,5
11,92,M_gen,0.08294504025,0.01389615665,0.08750005085,0.06998300076,0.09186328796,5
11,94,M_gen,0.08206035544,0.0142032061,0.08668430747,0.0699809162,0.09172954685,5
11,96,M_gen,0.08219961065,0.01402179367,0.08552552443,0.07001107881,0.09326294429,5
11,98,M_gen,0.08254983921,0.01443715709,0.08698081019,0.07047670016,0.09294911677,5
11,100,M_gen,0.0826526922,0.01411424735,0.08734593877,0.06969068784,0.09368933707,5
11,102,M_gen,0.08248086387,0.01417504915,0.08618385388,0.07029411652,0.09286400641,5
11,104,M_gen,0.08253547572,0.01409296006,0.08707205496,0.07091756353,0.09087325434,5
11,106,M_gen,0.08235299498,0.01402906756,0.08773866767,0.07052789989,0.09082130193,5
11,108,M_gen,0.08255102487,0.01375159606,0.08753817288,0.07043289864,0.09077838208,5
11,110,M_gen,0.08237461337,0.01338560574,0.08672374493,0.0702932883,0.09121395174,5
11,112,M_gen,0.08246162868,0.01369557441,0.08757109167,0.06984689681,0.08951697193,5
11,114,M_gen,0.08277459262,0.01410474101,0.08864249691,0.07092094648,0.09104845923,5
11,116,M_gen,0.08261270923,0.01390236512,0.08989882346,0.07133910359,0.09008265559,5
11,118,M_gen,0.08256145867,0.01383415425,0.09025360427,0.06973476733,0.09028437149,5
11,120,M_gen,0.08285216338,0.01305868099,0.08925958935,0.07083285648,0.08957271531,5
11,122,M_gen,0.08218024948,0.01363632505,0.08901852369,0.06888856618,0.08966273826,5
11,124,M_gen,0.08199593089,0.01268729588,0.08805660814,0.07056835627,0.08895202538,5
11,126,M_gen,0.08189458885,0.01303956204,0.0886488437,0.06931208969,0.08949522756,5
11,128,M_gen,0.08294516978,0.01349981383,0.08911455822,0.07047907418,0.09172021695,5
11,130,M_gen,0.08214780263,0.01342576807,0.08716668941,0.0695640623,0.09082804405,5
11,132,M_gen,0.08225995546,0.01340580673,0.08845187886,0.06917584693,0.09131707262,5
11,134,M_gen,0.08255518891,0.01289468951,0.08686639908,0.07131162269,0.09211827575,5
11,136,M_gen,0.08180477537,0.01287232347,0.08634532613,0.07053212627,0.09125508931,5
11,138,M_gen,0.08234104506,0.01296129176,0.08824860367,0.07035964842,0.09177892113,5
11,140,M_gen,0.08270871927,0.01294785211,0.0885546339,0.07108654394,0.09111816605,5
11,142,M_gen,0.08286578328,0.01397192598,0.0880245618,0.06934871772,0.09281752778,5
11,144,M_gen,0.08305173923,0.01289783071,0.08743766334,0.07108694804,0.09287085107,5
11,146,M_gen,0.08292474748,0.01318193825,0.08814445249,0.06994649531,0.09329503595,5
11,148,M_gen,0.08332891445,0.0130748192,0.08775047889,0.07093677362,0.09482174961,5
11,150,M_gen,0.08316179897,0.01397688386,0.08871183245,0.06978680493,0.09491001607,5
11,152,M_gen,0.0837906539,0.0140383599,0.09052080577,0.07056281742,0.09526881001,5
11,154,M_gen,0.08294226594,0.01459268422,0.08922369801,0.07031686058,0.09390611429,5
11,156,M_gen,0.08250723118,0.01416555911,0.08836545266,0.07005591451,0.091961267,5
11,158,M_gen,0.08274595335,0.01435635933,0.0887146107,0.06925827569,0.09233061198,5
11,160,M_gen,0.08337295264,0.0149613825,0.09057250738,0.06933025701,0.09216103826,5
11,162,M_gen,0.08405316646,0.01438576276,0.09070237735,0.07009225301,0.09214061404,5
11,164,M_gen,0.08348111187,0.01501117999,0.08899429401,0.06971983149,0.09382256949,5
11,166,M_gen,0.08400084982,0.0147484158,0.08984982482,0.06986370179,0.09304543142,5
11,168,M_gen,0.08412790629,0.0152614054,0.09156757098,0.06946586392,0.09185353238,5
11,170,M_gen,0.08433621332,0.01456580103,0.09140698402,0.07047783884,0.09167632856,5
11,172,M_gen,0.08424651496,0.01452052323,0.09171506618,0.07052574348,0.09173828563,5
11,174,M_gen,0.08394338748,0.01549968372,0.09087603723,0.06995837904,0.09281535872,5
11,176,M_gen,0.08474959095,0.01528560407,0.09159925865,0.07116682274,0.09458032543,5
11,178,M_gen,0.08460418465,0.01554564196,0.0917087233,0.07060150892,0.0928507307,5
11,180,M_gen,0.084726097,0.01537169553,0.09112418214,0.07080290997,0.09441134817,5
11,182,M_gen,0.08417904147,0.01517650205,0.08995479236,0.06955258293,0.09427278448,5
11,184,M_gen,0.0837438442,0.01460042633,0.08814033099,0.0704643023,0.09279045622,5
11,186,M_gen,0.08404722482,0.01467117107,0.08948353134,0.06962434934,0.09339727808,5
11,188,M_gen,0.08434947609,0.01470325187,0.09038825737,0.07086678382,0.09382699644,5
11,190,M_gen,0.08406034116,0.01563139363,0.08872116037,0.07043447651,0.09480460698,5
11,192,M_gen,0.08455477271,0.01514645315,0.0893578303,0.07148904504,0.09559447703,5
11,194,M_gen,0.08421920105,0.01512658824,0.08965648335,0.0709493314,0.09404290059,5
11,196,M_gen,0.08438694604,0.01474754336,0.09070224719,0.07110481494,0.09303057167,5
11,198,M_gen,0.08407439756,0.01489009931,0.08887184101,0.07162230992,0.09235127157,5
11,200,M_gen,0.0844186011,0.01484062003,0.09068607412,0.07090003241,0.09279430468,5
11,202,M_gen,0.08476154957,0.01476675473,0.09039335852,0.07069382205,0.09345286951,5
11,204,M_gen,0.08452718027,0.01500532398,0.09007646023,0.07082150465,0.09319290441,5
11,206,M_gen,0.08467410919,0.0145322409,0.09052748576,0.07102670175,0.09267058665,5
11,208,M_gen,0.08497246805,0.01447279432,0.08932749243,0.07110669346,0.09372404829,5
11,210,M_gen,0.08444306925,0.01489484297,0.0888575442,0.07166520156,0.09383407685,5
11,212,M_gen,0.0848573753,0.01525862586,0.0903797964,0.07140174035,0.09390974562,5
11,214,M_gen,0.08418354156,0.01560391886,0.09037311021,0.07054774264,0.09302211222,5
11,216,M_gen,0.08475822593,0.01514781949,0.09083447956,0.0711340853,0.09331088647,5
11,218,M_gen,0.08459883274,0.01529433012,0.09113371076,0.07141839577,0.09252863015,5
11,220,M_gen,0.08453515848,0.01531236087,0.09211546585,0.07041612463,0.09340159453,5
11,222,M_gen,0.08502500205,0.01526284906,0.09213173275,0.07094192273,0.09517782392,5
11,224,M_gen,0.08449975384,0.0152719647,0.0925369312,0.07016954146,0.09259756448,5
11,226,M_gen,0.08466236807,0.01436817175,0.09083331913,0.07170752834,0.09367088597,5
11,228,M_gen,0.08503982123,0.01467301303,0.09199943611,0.07100166299,0.09489794462,5
11,230,M_gen,0.0847805909,0.01443715033,0.09209808968,0.07028859361,0.09361107921,5
11,232,M_gen,0.08544414616,0.01522029337,0.09345599823,0.07044182474,0.09478726245,5
11,234,M_gen,0.08513813896,0.01541669628,0.09359361971,0.07048316743,0.09365532178,5
11,236,M_gen,0.08525909175,0.01550609944,0.09294592014,0.0714915258,0.09420065684,5
11,238,M_gen,0.08576401106,0.01481815129,0.09282817858,0.07138210126,0.09358585463,5
11,240,M_gen,0.08529394086,0.01586642517,0.09276053124,0.06946721849,0.09418499969,5
11,242,M_gen,0.08524988292,0.01644583414,0.0928797066,0.06910627174,0.09493415352,5
11,244,M_gen,0.08598426363,0.0162808129,0.09412367104,0.07128402045,0.09512323618,5
11,246,M_gen,0.08633717798,0.01646834739,0.09434011038,0.07119216471,0.09516828949,5
11,248,M_gen,0.08590713411,0.01573670152,0.09417912494,0.06993399701,0.09470051347,5
11,250,M_gen,0.08599672515,0.01479079648,0.09311281098,0.07288456331,0.09355460552,5
11,252,M_gen,0.08550350998,0.0151671687,0.09312332941,0.07032666681,0.09361070875,5
11,254,M_gen,0.08602203279,0.01554220018,0.09275067057,0.07237289323,0.09596627045,5
11,256,M_gen,0.08663753827,0.01574068214,0.09358490821,0.07296761171,0.09609432726,5
11,258,M_gen,0.0866849867,0.01524542026,0.09366848051,0.07296502684,0.09415305106,5
11,260,M_gen,0.08562925587,0.01660953922,0.09297076109,0.06930347558,0.09406376491,5
11,262,M_gen,0.08546927765,0.01597039694,0.09243861307,0.07140579223,0.09312474857,5
11,264,M_gen,0.08619148447,0.01607188031,0.09269324712,0.07089499838,0.09284953576,5
11,266,M_gen,0.08663270779,0.01686255816,0.0939322136,0.07095127115,0.0955821499,5
11,268,M_gen,0.08675159825,0.01666024988,0.09216931143,0.07291354498,0.09618043665,5
11,270,M_gen,0.08641425438,0.01675728212,0.09208465973,0.07181941012,0.09473082304,5
11,272,M_gen,0.08668469184,0.01682996596,0.09237717825,0.0716915935,0.09362479165,5
11,274,M_gen,0.08714270004,0.0172952599,0.0933491319,0.07224593182,0.09452747356,5
11,276,M_gen,0.0875223657,0.01740448784,0.09285450312,0.07194033961,0.09532320511,5
11,278,M_gen,0.08805036367,0.01809067639,0.09332461362,0.07121168829,0.0968380813,5
11,280,M_gen,0.0874154932,0.01787482043,0.09253265004,0.07047869157,0.09567425483,5
11,282,M_gen,0.08778441385,0.01824838534,0.09147711604,0.07019707222,0.09779647681,5
11,284,M_gen,0.08802467586,0.01772587222,0.09366360807,0.07025722645,0.09574840988,5
11,286,M_gen,0.08806325833,0.01774748457,0.09428114588,0.07069985287,0.09576020671,5
11,288,M_gen,0.08765447485,0.01784417785,0.09241068466,0.07026046175,0.09585552756,5
11,290,M_gen,0.08825634985,0.01837523705,0.09404764162,0.07171908436,0.09535903726,5
11,292,M_gen,0.08828039129,0.01961878066,0.09486028322,0.07009003198,0.09590493183,5
11,294,M_gen,0.08899532691,0.01887637536,0.0937635942,0.07214981369,0.09680107779,5
11,296,M_gen,0.08893765198,0.0182572706,0.09435367317,0.07216772554,0.09516028074,5
11,298,M_gen,0.0887156527,0.01888373423,0.09421402788,0.07082744955,0.09643403404,5
11,300,M_gen,0.08877411471,0.0190524624,0.09466528024,0.07113170714,0.09506021604,5
11,302,M_gen,0.08884235203,0.01857664434,0.09441422251,0.07091007483,0.09582902571,5
11,304,M_gen,0.08831543707,0.01939542233,0.09299474142,0.07055232922,0.09723551577,5
11,306,M_gen,0.08844672703,0.01918976471,0.09378750052,0.07064700492,0.09614488744,5
11,308,M_gen,0.08736771648,0.01910425203,0.09134187169,0.07092909233,0.09536369044,5
11,310,M_gen,0.08776207482,0.01903673202,0.09247210235,0.07030038964,0.09518478891,5
11,312,M_gen,0.08817655336,0.01757984639,0.09318085919,0.07246800757,0.09643857818,5
11,314,M_gen,0.08798335994,0.0166636418,0.09396166572,0.07242403768,0.09479501154,5
11,316,M_gen,0.08731547979,0.0169549126,0.09329313148,0.07079231264,0.09467713989,5
11,318,M_gen,0.08763206286,0.01623115259,0.09424841204,0.07347417504,0.09570802172,5
11,320,M_gen,0.08689654196,0.0162479934,0.09285911234,0.07138760027,0.09631042199,5
11,322,M_gen,0.0868059972,0.01535490801,0.09349785654,0.07165771458,0.09439312963,5
11,324,M_gen,0.08649938716,0.0158328932,0.09356592819,0.07171995279,0.09384088392,5
11,326,M_gen,0.08661104205,0.01593598236,0.09221677759,0.07127713422,0.09487616605,5
11,328,M_gen,0.08741219296,0.01540469272,0.09429209646,0.07305124124,0.09432822215,5
11,330,M_gen,0.08652784536,0.01488032488,0.09254929048,0.0729694695,0.09351137933,5
11,332,M_gen,0.086712064,0.01620669691,0.09304114175,0.0713493806,0.09537717675,5
11,334,M_gen,0.08741579987,0.0162067919,0.09458430972,0.07222366795,0.09472944849,5
11,336,M_gen,0.08711865099,0.01651296835,0.09332790073,0.07199681389,0.09404575102,5
11,338,M_gen,0.08757389389,0.01639402139,0.09231370463,0.07312751008,0.09641107914,5
11,340,M_gen,0.08851967381,0.01688298732,0.09396331703,0.0718725352,0.09841688271,5
11,342,M_gen,0.08751770419,0.01812774221,0.09545130727,0.0692741757,0.09780625076,5
11,344,M_gen,0.08807174685,0.01695368578,0.09409302809,0.07182908375,0.09681589262,5
11,346,M_gen,0.0874694234,0.01657631482,0.09274655229,0.07117509375,0.097124799,5
11,348,M_gen,0.08741740795,0.0158899492,0.09246317068,0.07128323732,0.09585692311,5
11,350,M_gen,0.08715991476,0.01738815362,0.09284831703,0.06991760388,0.09749079347,5
11,352,M_gen,0.08713171146,0.0168405251,0.09139416762,0.07063327041,0.09826880981,5
11,354,M_gen,0.08746740883,0.01677013992,0.09188873156,0.07100289249,0.09738919208,5
11,356,M_gen,0.08837109968,0.0163737236,0.09141435041,0.07353093356,0.09855724766,5
11,358,M_gen,0.08900372988,0.01670367611,0.09255845676,0.0721670677,0.0997872054,5
11,360,M_gen,0.08868242365,0.01699590536,0.09327824434,0.07168393374,0.09826739711,5
11,362,M_gen,0.08871193298,0.01648405905,0.09329114168,0.0717755314,0.09777640391,5
11,364,M_gen,0.08766906558,0.01680405373,0.09163934377,0.07129941822,0.09682187416,5
11,366,M_gen,0.08821535238,0.01706005398,0.09005694573,0.07209422447,0.09917767488,5
11,368,M_gen,0.08825165081,0.01736982538,0.09221011551,0.07071228658,0.09874289604,5
11,370,M_gen,0.08880447497,0.01780561861,0.09314499217,0.07177957775,0.0993417848,5
11,372,M_gen,0.08806382998,0.01750095427,0.09147442807,0.07231776502,0.09817961786,5
11,374,M_gen,0.08760397451,0.01724317331,0.09091657886,0.07190241717,0.09719636041,5
11,376,M_gen,0.08737178498,0.01658619823,0.09168456281,0.07239301487,0.09544491416,5
11,378,M_gen,0.08694740152,0.01661982527,0.09145898238,0.07060333175,0.09446610382,5
11,380,M_gen,0.08714177075,0.01676269162,0.08999604179,0.0705341705,0.09566044149,5
11,382,M_gen,0.08748376653,0.01699441018,0.09124809204,0.07185429139,0.0960784127,5
11,384,M_gen,0.08717378748,0.01794273727,0.09126938682,0.07064663075,0.09610730827,5
11,386,M_gen,0.08707783994,0.01749326083,0.09022496592,0.07278878304,0.0949694952,5
11,388,M_gen,0.08729219202,0.01749560623,0.09107370626,0.07211231004,0.0943953676,5
11,390,M_gen,0.08766431389,0.01704292112,0.09018497456,0.07144060555,0.09632209398,5
11,392,M_gen,0.08764761981,0.01715484553,0.08893523988,0.07296425374,0.09550344121,5
11,394,M_gen,0.0880707789,0.01725054835,0.09011892353,0.07228676042,0.09683731387,5
11,396,M_gen,0.08802233445,0.01742338478,0.09130533387,0.07228809871,0.0946499096,5
11,398,M_gen,0.0879437261,0.01811756987,0.09154522773,0.07168099174,0.09570574504,5
11,400,M_gen,0.08786823282,0.01859750404,0.09223827385,0.07079862727,0.09660301503,5
12,0,M_gen,1,9.678699938e-16,1,1,1,3
12,2,M_gen,0.7461097334,0.04462457874,0.7351169042,0.7215628948,0.7651601574,3
12,4,M_gen,0.5537420309,0.07253183799,0.5421800745,0.5149328545,0.5867702291,3
12,6,M_gen,0.4172374245,0.0821146213,0.4090107595,0.3742782751,0.4560832414,3
12,8,M_gen,0.3174890273,0.08242502576,0.3126996506,0.2751313829,0.3574519834,3
12,10,M_gen,0.2439196258,0.07738159883,0.2415722816,0.2046553437,0.2820102357,3
12,12,M_gen,0.188984358,0.06972729566,0.1883918675,0.1539735316,0.2236989392,3
12,14,M_gen,0.1477645651,0.06058216675,0.1483185827,0.1176129361,0.1781932029,3
12,16,M_gen,0.1185581569,0.04842854182,0.117927759,0.09418782518,0.1426132897,3
12,18,M_gen,0.0993829068,0.03401405234,0.0955242114,0.08149348326,0.1153429826,3
12,20,M_gen,0.08537106813,0.02179519567,0.08010938432,0.07339888211,0.09471241224,3
12,22,M_gen,0.07542376885,0.01200142983,0.0712227758,0.06865517159,0.08009186959,3
12,24,M_gen,0.06856111398,0.004090116347,0.0667050163,0.06621658246,0.06997759666,3
12,26,M_gen,0.06438598016,0.001100984106,0.06440477382,0.06384024667,0.06494111047,3
12,28,M_gen,0.06365391421,0.001435792932,0.06283840414,0.06282499493,0.06407507846,3
12,30,M_gen,0.06292840455,0.00193065608,0.0622639638,0.06184083875,0.06368374997,3
12,32,M_gen,0.06312803502,0.002490559432,0.06214916358,0.06171239398,0.06405424033,3
12,34,M_gen,0.0631129057,0.002155922278,0.0626133531,0.06193198296,0.06404405215,3
12,36,M_gen,0.0629815966,0.002074437234,0.06263793061,0.06186919215,0.06392216806,3
12,38,M_gen,0.062876581,0.002436013407,0.06276336954,0.06163125834,0.06406529793,3
12,40,M_gen,0.06255292122,0.002175782122,0.06264357351,0.06148840164,0.06366276695,3
12,42,M_gen,0.06250575171,0.002417123114,0.06223283047,0.06123475172,0.06364029108,3
12,44,M_gen,0.06250256358,0.002882016657,0.06255388226,0.06107455627,0.06395623023,3
12,46,M_gen,0.0629352617,0.002997642821,0.06258571969,0.0613567166,0.06433903579,3
12,48,M_gen,0.06234823739,0.002600280833,0.06216635778,0.0610050146,0.06360052038,3
12,50,M_gen,0.06224410337,0.002216059124,0.0618430791,0.0610495093,0.06323818531,3
12,52,M_gen,0.06274092215,0.002753827754,0.06322434214,0.06150086788,0.06422268642,3
12,54,M_gen,0.06220183817,0.002441544654,0.06268293858,0.06111924721,0.06352497934,3
12,56,M_gen,0.06192175976,0.002478195753,0.0623375092,0.06079974662,0.06325164762,3
12,58,M_gen,0.06199069547,0.003008490031,0.06246612766,0.06061946246,0.06359964458,3
12,60,M_gen,0.06210302058,0.002996058122,0.06283227083,0.06082096384,0.06374970244,3
12,62,M_gen,0.06221810263,0.003024272004,0.06247877539,0.06077535351,0.06379118813,3
12,64,M_gen,0.06255661051,0.002673080816,0.06318536835,0.06140528376,0.06402231618,3
12,66,M_gen,0.06265312869,0.002890432019,0.06322605424,0.06137259618,0.06422012397,3
12,68,M_gen,0.06244409878,0.002565201692,0.06291434045,0.0612953245,0.0638279939,3
12,70,M_gen,0.0629569962,0.002847754261,0.0633101618,0.06162964641,0.06446092879,3
12,72,M_gen,0.06250717102,0.003425097966,0.06333236821,0.06103861336,0.06438832727,3
12,74,M_gen,0.06270451197,0.003342531357,0.06275027133,0.0610448036,0.06438710003,3
12,76,M_gen,0.06232276375,0.003228101874,0.06270539828,0.06081289795,0.06402394682,3
12,78,M_gen,0.06275700012,0.003422835879,0.06296618297,0.06110027657,0.06451831509,3
12,80,M_gen,0.06265954631,0.003191863476,0.06285095401,0.06111362011,0.06430117635,3
12,82,M_gen,0.06256419569,0.003342456858,0.06318931984,0.06107131537,0.06436963808,3
12,84,M_gen,0.06196285082,0.002762747656,0.06195672474,0.06057994802,0.06334269058,3
12,86,M_gen,0.06275906618,0.002740254596,0.06299963404,0.0614530465,0.06418536979,3
12,88,M_gen,0.06247341243,0.002898139162,0.06205617669,0.06093134079,0.0638068662,3
12,90,M_gen,0.06293738582,0.002359224093,0.0632422422,0.06184139737,0.06418580246,3
12,92,M_gen,0.06300997167,0.002512084965,0.06308356785,0.06177273257,0.06428400885,3
12,94,M_gen,0.06260032587,0.002778650563,0.0624374939,0.0611720829,0.06394715285,3
12,96,M_gen,0.0630340331,0.002810142868,0.06330729523,0.06170226839,0.06450242888,3
12,98,M_gen,0.06299385356,0.003186080887,0.06310944863,0.06143049844,0.06461500622,3
12,100,M_gen,0.0631610899,0.003003744984,0.06313074939,0.06165168974,0.0646553198,3
12,102,M_gen,0.06302130107,0.003216039236,0.06279210637,0.06135904829,0.0645689565,3
12,104,M_gen,0.06304302386,0.003015520325,0.06303042549,0.06153212397,0.06454762456,3
12,106,M_gen,0.06279744229,0.0028230719,0.06295808385,0.06142778171,0.06424742365,3
12,108,M_gen,0.06307653566,0.002583824902,0.06334139682,0.06185593923,0.06442956266,3
12,110,M_gen,0.06300568426,0.002911800338,0.06342863025,0.06166708538,0.06455575613,3
12,112,M_gen,0.06294744349,0.00227697383,0.06268554974,0.0617491452,0.0640147949,3
12,114,M_gen,0.06294024692,0.002566207484,0.06210048125,0.06149980601,0.063960805,3
12,116,M_gen,0.06335498546,0.002420179125,0.06283496833,0.06203602642,0.06441393593,3
12,118,M_gen,0.06334820526,0.002083632618,0.06266657547,0.06217866562,0.06417693,3
12,120,M_gen,0.06305536817,0.002746880618,0.06221471988,0.06152088212,0.06416953007,3
12,122,M_gen,0.06300635042,0.002321807022,0.06306135695,0.06185944291,0.06418076119,3
12,124,M_gen,0.06310359148,0.002323957154,0.06258916092,0.06183455653,0.06411541114,3
12,126,M_gen,0.0630725904,0.002824976384,0.06232200077,0.06151035642,0.06425952956,3
12,128,M_gen,0.06318617853,0.002617747467,0.06261101666,0.06175742761,0.06432734851,3
12,130,M_gen,0.06301835179,0.002925473553,0.06151687137,0.06133267991,0.06395328346,3
12,132,M_gen,0.06334059652,0.002540549887,0.06258615738,0.06192443736,0.06437953612,3
12,134,M_gen,0.0630214962,0.003149503551,0.0623288685,0.06130241134,0.06439426722,3
12,136,M_gen,0.0628828333,0.00255127106,0.06240289762,0.06150425589,0.06402144288,3
12,138,M_gen,0.06327198982,0.002243201881,0.06260053969,0.06202086593,0.06418738865,3
12,140,M_gen,0.06336644419,0.002148047282,0.06281022101,0.0621807188,0.06427405799,3
12,142,M_gen,0.06325052933,0.002646411886,0.06272265139,0.06181524633,0.06442187337,3
12,144,M_gen,0.06321307034,0.002504698075,0.06227472288,0.06179388011,0.06416308683,3
12,146,M_gen,0.06326918299,0.002696926394,0.06247994204,0.06176743456,0.06437631095,3
12,148,M_gen,0.06330841305,0.002919259832,0.06172832566,0.06162405311,0.06420272929,3
12,150,M_gen,0.06284777634,0.002756547572,0.06233749044,0.06135975818,0.06408065155,3
12,152,M_gen,0.06359153603,0.002789060897,0.06284167096,0.06204786758,0.06476027195,3
12,154,M_gen,0.06321162289,0.002549829293,0.06211127771,0.06175400121,0.06411907198,3
12,156,M_gen,0.06349699102,0.002650172199,0.06285966005,0.0620416288,0.06463368775,3
12,158,M_gen,0.06370077974,0.002352189993,0.06303309739,0.06239385389,0.06467386441,3
12,160,M_gen,0.06315233963,0.002574361521,0.06279581235,0.06178531859,0.06434109703,3
12,162,M_gen,0.06339698044,0.002068133276,0.06255931206,0.06221920016,0.06415592653,3
12,164,M_gen,0.06338422256,0.002369655822,0.06263233336,0.0620570328,0.06433546772,3
12,166,M_gen,0.06327923079,0.002643025768,0.06257904252,0.06181792096,0.06439044647,3
12,168,M_gen,0.06361140967,0.002320736563,0.06253589265,0.06227971981,0.06440534103,3
12,170,M_gen,0.06343729383,0.002124298703,0.06314135934,0.06230891914,0.06441770127,3
12,172,M_gen,0.06375483148,0.002069014199,0.06288119968,0.06257356381,0.06449928325,3
12,174,M_gen,0.06370454505,0.002136674426,0.06260897657,0.0624734206,0.06438788525,3
12,176,M_gen,0.06328079638,0.001847274703,0.0630421805,0.06230330246,0.06413898236,3
12,178,M_gen,0.0636714511,0.002342822621,0.06324838716,0.06240868679,0.06472268344,3
12,180,M_gen,0.06351379014,0.002025226789,0.06301741535,0.06240015708,0.0643792358,3
12,182,M_gen,0.06354217286,0.002655185126,0.06278381636,0.062066244,0.06463892346,3
12,184,M_gen,0.06346738679,0.002506918323,0.06300495496,0.06211441702,0.06458914065,3
12,186,M_gen,0.06362885824,0.00212637283,0.06322614146,0.06247939095,0.06457696713,3
12,188,M_gen,0.0634583152,0.001917735799,0.06274924012,0.062372666,0.06418942686,3
12,190,M_gen,0.06361690298,0.002170926526,0.06327230934,0.06245559605,0.06460591309,3
12,192,M_gen,0.06362706774,0.002158785434,0.06294531328,0.06241838991,0.06449486834,3
12,194,M_gen,0.0633578036,0.002425013119,0.06280197733,0.06203046773,0.06440722634,3
12,196,M_gen,0.06385396772,0.002282719134,0.06304547132,0.0625655015,0.06473818574,3
12,198,M_gen,0.06374331216,0.002757235264,0.06388622497,0.06240181233,0.0651562684,3
12,200,M_gen,0.06379967605,0.002660427124,0.06337258061,0.06237560717,0.0650101972,3
12,202,M_gen,0.06370354206,0.002208026754,0.06311690583,0.06248249066,0.06463127534,3
12,204,M_gen,0.06329753283,0.00216444964,0.06264099054,0.06208918027,0.06417761424,3
12,206,M_gen,0.06354862365,0.002692962639,0.06325039869,0.0621337928,0.06481434203,3
12,208,M_gen,0.06352756181,0.002602315499,0.0635852918,0.06224107671,0.06484291191,3
12,210,M_gen,0.0637610021,0.002883611715,0.06299636774,0.06216656901,0.064973118,3
12,212,M_gen,0.06344436417,0.00230786968,0.06285160514,0.06217114775,0.06442120108,3
12,214,M_gen,0.06318721332,0.002613908604,0.06216418246,0.06170186481,0.0641610464,3
12,216,M_gen,0.06317063878,0.002744249157,0.06311127434,0.0617839139,0.06452768144,3
12,218,M_gen,0.06307740436,0.002126141019,0.06283498945,0.06195892518,0.06407467608,3
12,220,M_gen,0.06324564007,0.003084780746,0.06317704923,0.06168638798,0.06477059674,3
12,222,M_gen,0.06317406328,0.002702922263,0.06302396107,0.06178664044,0.06448643501,3
12,224,M_gen,0.06345654544,0.002288893742,0.06300470146,0.06221598608,0.06447118282,3
12,226,M_gen,0.06380010766,0.002214937069,0.06340852513,0.06260780082,0.06479662323,3
12,228,M_gen,0.06348489641,0.002256329936,0.06290704346,0.06224036621,0.06444050013,3
12,230,M_gen,0.06324258496,0.002143851562,0.06224472624,0.06201213761,0.06397410296,3
12,232,M_gen,0.06393329348,0.001721339773,0.06306171674,0.06294188845,0.06448891014,3
12,234,M_gen,0.06370749379,0.00200915316,0.06319321445,0.06259934063,0.06455850729,3
12,236,M_gen,0.06406341694,0.00200683494,0.06358905961,0.06296265841,0.06492699681,3
12,238,M_gen,0.06408472607,0.002134164836,0.06325126128,0.06287216095,0.06488055879,3
12,240,M_gen,0.06410794969,0.002408087648,0.06319672968,0.06274258758,0.06501770179,3
12,242,M_gen,0.06420645439,0.00213185865,0.06308386754,0.06297716781,0.06487444754,3
12,244,M_gen,0.06416629105,0.001695629246,0.06340011529,0.06319454048,0.06475495374,3
12,246,M_gen,0.06465080406,0.002002824372,0.06449542929,0.0636128108,0.06561110994,3
12,248,M_gen,0.06388028899,0.002711914605,0.06324548936,0.06239378517,0.06504939299,3
12,250,M_gen,0.06402794059,0.002304057246,0.06273431638,0.06269785905,0.06471121002,3
12,252,M_gen,0.06393580148,0.002527526459,0.0626257677,0.06247899584,0.06473759023,3
12,254,M_gen,0.06417374264,0.002418474985,0.0628536654,0.06277811689,0.06490932977,3
12,256,M_gen,0.06401634597,0.002380713156,0.06310524113,0.06266549239,0.06491164713,3
12,258,M_gen,0.06409208795,0.001732541416,0.06326036617,0.06309629982,0.06467201519,3
12,260,M_gen,0.06426520575,0.002019603306,0.06320443994,0.06310072577,0.06489930283,3
12,262,M_gen,0.06413907809,0.002283665609,0.06341610648,0.06286025588,0.06505641449,3
12,264,M_gen,0.06383246292,0.001792862453,0.06308532755,0.06280966213,0.06448169602,3
12,266,M_gen,0.06436386825,0.002179132706,0.06350451476,0.06312497507,0.06517308469,3
12,268,M_gen,0.06448891269,0.001929113804,0.06345969667,0.06337618249,0.06508703487,3
12,270,M_gen,0.06507366283,0.001201603777,0.06449693907,0.06438304024,0.06547592355,3
12,272,M_gen,0.0646330309,0.001526564135,0.06379889814,0.06375208322,0.0650969122,3
12,274,M_gen,0.06445083894,0.00152022459,0.06379442561,0.06358176682,0.0649917044,3
12,276,M_gen,0.06403804057,0.002075765452,0.06352280277,0.0628956114,0.06492285084,3
12,278,M_gen,0.06437500908,0.001933787859,0.06336524827,0.06326018515,0.06498495261,3
12,280,M_gen,0.06446946203,0.001527367314,0.06405371255,0.06362336309,0.06510768624,3
12,282,M_gen,0.06443816356,0.002295940813,0.06320602983,0.06311367439,0.06514658586,3
12,284,M_gen,0.06412940065,0.001940995452,0.06338932109,0.06302831921,0.06486044231,3
12,286,M_gen,0.06380537401,0.002809096888,0.06283531783,0.0622225924,0.06490312753,3
12,288,M_gen,0.06383452551,0.002541603362,0.0626645899,0.06237658186,0.06470750135,3
12,290,M_gen,0.06423776886,0.002725116823,0.06368879064,0.06275886219,0.06544218642,3
12,292,M_gen,0.06413669522,0.002321707572,0.06316895446,0.06281217811,0.06497734194,3
12,294,M_gen,0.0641001244,0.002331288572,0.06307725762,0.06276618995,0.06492262545,3
12,296,M_gen,0.06428591823,0.00222351135,0.06375205633,0.06306499628,0.06523990923,3
12,298,M_gen,0.06455693194,0.003022336624,0.06442116814,0.06301296659,0.0660330154,3
12,300,M_gen,0.06388127588,0.003153140858,0.0626967439,0.06209434106,0.0650759447,3
12,302,M_gen,0.06412458965,0.002215518481,0.06373440918,0.06293224529,0.06512184377,3
12,304,M_gen,0.06444322665,0.002417548405,0.06405235989,0.06314864346,0.06554237646,3
12,306,M_gen,0.0639950103,0.002383050698,0.06354395628,0.062706838,0.06505765559,3
12,308,M_gen,0.06432087121,0.002487028376,0.0631754196,0.06289419414,0.06517482247,3
12,310,M_gen,0.06361937516,0.002358773136,0.06314585917,0.06233956949,0.06466242283,3
12,312,M_gen,0.06422639998,0.002840813727,0.06392460791,0.06273656926,0.06556533468,3
12,314,M_gen,0.06386598994,0.003123977326,0.06316875234,0.06215914758,0.06522421351,3
12,316,M_gen,0.06421950135,0.002945090928,0.06357140611,0.06261192056,0.06550303453,3
12,318,M_gen,0.06396954169,0.002372631238,0.06383637918,0.06275133759,0.06512116454,3
12,320,M_gen,0.06418982447,0.002415941919,0.06381726887,0.06289953509,0.06529383605,3
12,322,M_gen,0.06423852021,0.002100116274,0.06394420668,0.06312264592,0.06520723773,3
12,324,M_gen,0.06394065343,0.002069967599,0.06396539855,0.06291191138,0.06498176804,3
12,326,M_gen,0.06421681609,0.002305364457,0.06374945841,0.06296519829,0.06523475505,3
12,328,M_gen,0.06420962854,0.002429755131,0.06380032973,0.06290542345,0.06530918422,3
12,330,M_gen,0.06391667406,0.002292191302,0.06387472396,0.06276023484,0.06505213822,3
12,332,M_gen,0.06407171429,0.002890838505,0.06319476124,0.06245782891,0.06524712314,3
12,334,M_gen,0.06396605319,0.002554309215,0.06346265709,0.06258178851,0.06509861982,3
12,336,M_gen,0.06417994303,0.002387721201,0.06364283548,0.0628746784,0.06521665388,3
12,338,M_gen,0.06359034234,0.002256596225,0.0635769952,0.06245872225,0.06471528887,3
12,340,M_gen,0.06402780891,0.002519802703,0.06350313581,0.06265739245,0.06513588882,3
12,342,M_gen,0.06413406648,0.002682665519,0.06355211022,0.06267112822,0.0653060266,3
12,344,M_gen,0.06407958367,0.003004429512,0.06349224561,0.0624522195,0.06541327881,3
12,346,M_gen,0.06421522669,0.002549830183,0.06394881106,0.06287893769,0.06541830788,3
12,348,M_gen,0.06415274316,0.002690814402,0.06374027411,0.06271612635,0.06538312544,3
12,350,M_gen,0.06352986767,0.00332048861,0.06257214335,0.06168282052,0.06489805266,3
12,352,M_gen,0.06373227573,0.002434886161,0.06366174062,0.06249758205,0.06493170186,3
12,354,M_gen,0.06371214462,0.002461128107,0.06361957779,0.06245909183,0.064918914,3
12,356,M_gen,0.06364925394,0.002715236599,0.06387560825,0.06235176695,0.06505991809,3
12,358,M_gen,0.06366864007,0.002408746846,0.06403747945,0.06256711319,0.06495458664,3
12,360,M_gen,0.06440415117,0.002003625713,0.06446664218,0.06341832657,0.06542122127,3
12,362,M_gen,0.06472157802,0.001767561774,0.06487063447,0.06387742122,0.06564026304,3
12,364,M_gen,0.06458862772,0.001877190895,0.06389087409,0.06352555264,0.06530282599,3
12,366,M_gen,0.06408409483,0.002737745284,0.06340556059,0.06257749243,0.06525143011,3
12,368,M_gen,0.06454844235,0.002848908842,0.063297389,0.06291825437,0.06555310365,3
12,370,M_gen,0.06417318518,0.002288287546,0.06315269016,0.06286269392,0.06497342894,3
12,372,M_gen,0.06424618324,0.001916309939,0.06318642745,0.0631401242,0.06482236439,3
12,374,M_gen,0.06493167717,0.002479760766,0.06369474326,0.06350421861,0.06574066878,3
12,376,M_gen,0.06480709207,0.002219324563,0.06410236063,0.06356403097,0.06569778745,3
12,378,M_gen,0.06430529708,0.002339347699,0.06435433971,0.06314807668,0.06548703879,3
12,380,M_gen,0.06484860781,0.002178158952,0.06479922737,0.06374739315,0.06592513225,3
12,382,M_gen,0.06494733335,0.002497776745,0.06424259261,0.06356011616,0.06598218016,3
12,384,M_gen,0.06465556873,0.001899266835,0.06471155254,0.06372024073,0.06561888863,3
12,386,M_gen,0.06476803372,0.001166432148,0.0648147315,0.06419684273,0.06536257359,3
12,388,M_gen,0.06474262884,0.001941132034,0.06492590415,0.06382113164,0.0657557637,3
12,390,M_gen,0.06429920931,0.001884467977,0.06442463969,0.06338989959,0.06527123422,3
12,392,M_gen,0.0648273142,0.002284198155,0.06477237414,0.06367172791,0.06595543047,3
12,394,M_gen,0.06509479245,0.003122625638,0.06435505432,0.06338175604,0.06643795981,3
12,396,M_gen,0.06453003789,0.002163931148,0.06440890823,0.06341906198,0.06558044897,3
12,398,M_gen,0.06449107309,0.002293383257,0.06440745023,0.0633240476,0.06561628715,3
12,400,M_gen,0.06437219446,0.002299575228,0.06369739416,0.06309145463,0.06531553414,3
